class_num, s, class, url
100, 1, wco, https://i.seadn.io/gcs/files/9361ac8c922c918acbe4f2567c55f70c.png?auto=format&w=1000
100, 2, wco, https://i.seadn.io/gcs/files/48f032bbf21f71a353f9865205cc89a9.png?auto=format&w=1000
100, 3, wco, https://i.seadn.io/gcs/files/2fcb6a66e316c85a84e5f6195dfccaed.png?auto=format&w=1000
100, 4, wco, https://i.seadn.io/gcs/files/38a64eef7b115fbb801652b0412e3784.png?auto=format&w=1000
100, 5, wco, https://i.seadn.io/gcs/files/a17a2a787e6899e8aadd38ddd773e572.png?auto=format&w=1000
100, 6, wco, https://i.seadn.io/gcs/files/bc7ccdf3f2d61dc11851dedf1bd0318a.png?auto=format&w=1000
100, 7, wco, https://i.seadn.io/gcs/files/8a1dcde8aeef951df2d0f601a34dde7c.png?auto=format&w=1000
100, 8, wco, https://i.seadn.io/gcs/files/fa85cfc9a02ac7857bb9e95cfaae34e4.png?auto=format&w=1000
100, 9, wco, https://i.seadn.io/gcs/files/8ecef0f5cfe0fa2358a406a49c57b381.png?auto=format&w=1000
100, 10, wco, https://i.seadn.io/gcs/files/fa9f8d7426cba0c9c23f4a6586b1adeb.png?auto=format&w=1000
101, 1, fco, https://i.seadn.io/gcs/files/63f751a1d4e64d7abb79304bc6e610a0.png?auto=format&w=1000
102, 1, fco, https://i.seadn.io/gcs/files/624835bd7d29bc1d8b2c89254c1d8e47.png?auto=format&w=1000
103, 1, fco, https://i.seadn.io/gcs/files/194a042ef7f5fde28e5e5424049d169b.png?auto=format&w=1000
104, 1, fco, https://i.seadn.io/gcs/files/3f490fb5fc581adce7b6a31e99debf46.png?auto=format&w=1000
105, 1, fco, https://i.seadn.io/gcs/files/c6053e9493cc7a451b55a82b69156beb.png?auto=format&w=1000
106, 1, fco, https://i.seadn.io/gcs/files/e878bb35c2ead8ea69b6b61a3bdf55f9.png?auto=format&w=1000
107, 1, fco, https://i.seadn.io/gcs/files/88fbc663ddc722b45a3324b8036c203d.png?auto=format&w=1000
108, 1, fco, https://i.seadn.io/gcs/files/d73af7cbff8d5a1b0c1e48b2bdcf85d7.png?auto=format&w=1000
109, 1, fco, https://i.seadn.io/gcs/files/ff175499c4650d726c457801d28035db.png?auto=format&w=1000
110, 1, fco, https://i.seadn.io/gcs/files/839e9f496fd8f68ef070ec311ca6c307.png?auto=format&w=1000
111, 1, fco, https://i.seadn.io/gcs/files/d188ee9d1f73875c6eaa15c4c5e3752e.png?auto=format&w=1000
112, 1, fco, https://i.seadn.io/gcs/files/244432b8263cccdbd6170d920e041b04.png?auto=format&w=1000
113, 1, fco, https://i.seadn.io/gcs/files/7bdd2edc433ed6adb00daaef12190d17.png?auto=format&w=1000
114, 1, fco, https://i.seadn.io/gcs/files/f70d1b6ca1d4f3806ce546d17c70d6f3.png?auto=format&w=1000
115, 1, fco, https://i.seadn.io/gcs/files/e6c574fc58a0d7f93548f6bf35ba2003.png?auto=format&w=1000
116, 1, fco, https://i.seadn.io/gcs/files/4e288f4f708c01fd4ed77baf5ea3b9cf.png?auto=format&w=1000
117, 1, fco, https://i.seadn.io/gcs/files/74c5bb98db71f7d1f21db7f21b3e405c.png?auto=format&w=1000
118, 1, fco, https://i.seadn.io/gcs/files/6dd8a1604bce2828af1ad8d75c9cbecd.png?auto=format&w=1000
119, 1, fco, https://i.seadn.io/gcs/files/ef68e1241330328a05530dae1a67cddc.png?auto=format&w=1000
120, 1, fco, https://i.seadn.io/gcs/files/8f91260fc1822be6eb09a92852566735.png?auto=format&w=1000
101, 2, fco, https://i.seadn.io/gcs/files/16ceb880aced57d265e5c903f74d9674.png?auto=format&w=1000
102, 2, fco, https://i.seadn.io/gcs/files/a2ae06897fa053bcba3d45f32f5a26e5.png?auto=format&w=1000
103, 2, fco, https://i.seadn.io/gcs/files/3bcbaa10397a46825baa89993126eb95.png?auto=format&w=1000
104, 2, fco, https://i.seadn.io/gcs/files/3347c29435353538759ff72bba79759d.png?auto=format&w=1000
105, 2, fco, https://i.seadn.io/gcs/files/0e97128e0cf94948da7dccd9566b9801.png?auto=format&w=1000
106, 2, fco, https://i.seadn.io/gcs/files/e73e0533733852e3a1061091437b9737.png?auto=format&w=1000
107, 2, fco, https://i.seadn.io/gcs/files/8a3d00c9a6d9dbaa9a8a263978d9249b.png?auto=format&w=1000
108, 2, fco, https://i.seadn.io/gcs/files/2aed0a9afa4bbd10075bc2e89b9b33d9.png?auto=format&w=1000
109, 2, fco, https://i.seadn.io/gcs/files/6e403fc5e15bd0fdd460a7b704a31078.png?auto=format&w=1000
110, 2, fco, https://i.seadn.io/gcs/files/8f84af57b85b41b4ad43aec8d8cc0ada.png?auto=format&w=1000
111, 2, fco, https://i.seadn.io/gcs/files/cabd929be3e2fae862bcb8e4fc833263.png?auto=format&w=1000
112, 2, fco, https://i.seadn.io/gcs/files/d453029ae103e2307fb17d630466af7b.png?auto=format&w=1000
113, 2, fco, https://i.seadn.io/gcs/files/02d0324d554a0551601be5a9f946e3b7.png?auto=format&w=1000
114, 2, fco, https://i.seadn.io/gcs/files/784160415bb6824e417c9775d15e013f.png?auto=format&w=1000
115, 2, fco, https://i.seadn.io/gcs/files/7f69c75d238705bc489a08a87b0b32f7.png?auto=format&w=1000
116, 2, fco, https://i.seadn.io/gcs/files/aeef4bf4c0b164aab2ba8f3cbc8cfd53.png?auto=format&w=1000
117, 2, fco, https://i.seadn.io/gcs/files/ecc14e07a325d7b4f6ce8e5d1e6cb653.png?auto=format&w=1000
118, 2, fco, https://i.seadn.io/gcs/files/5106d5d0a183708af445703ce891fac6.png?auto=format&w=1000
119, 2, fco, https://i.seadn.io/gcs/files/fb2c2a4d3c5b730e5067e6db606ff50c.png?auto=format&w=1000
120, 2, fco, https://i.seadn.io/gcs/files/150a3dc1ce1a0bd97e409fa8dd795cb6.png?auto=format&w=1000
101, 3, fco, https://i.seadn.io/gcs/files/71b72cc531adcb21966154c3f1ae64b4.png?auto=format&w=1000
102, 3, fco, https://i.seadn.io/gcs/files/e90eb3cea809e921eaca5b87ec8df4de.png?auto=format&w=1000
103, 3, fco, https://i.seadn.io/gcs/files/0fc02bdbfc0a72ee725cf6fd7db8fc5f.png?auto=format&w=1000
104, 3, fco, https://i.seadn.io/gcs/files/34423fd2149d496d5b932c015a9975e3.png?auto=format&w=1000
105, 3, fco, https://i.seadn.io/gcs/files/a41e0a2bebc98b8d49607975789e9dc3.png?auto=format&w=1000
106, 3, fco, https://i.seadn.io/gcs/files/6024d2300124cc4c9dc4c6927e011acf.png?auto=format&w=1000
107, 3, fco, https://i.seadn.io/gcs/files/0743c204d416e73fa5725e336e9ca29e.png?auto=format&w=1000
108, 3, fco, https://i.seadn.io/gcs/files/8483d38ab14dc0341af1ef70ca6437c8.png?auto=format&w=1000
109, 3, fco, https://i.seadn.io/gcs/files/fa74b3b58be09d8b38cf67c2e80a27a8.png?auto=format&w=1000
110, 3, fco, https://i.seadn.io/gcs/files/75b155703616a616005e20491a3a3caf.png?auto=format&w=1000
111, 3, fco, https://i.seadn.io/gcs/files/e308c812d852b837d7b3be80f9808166.png?auto=format&w=1000
112, 3, fco, https://i.seadn.io/gcs/files/6511369381b138a1120384a8c015eb9f.png?auto=format&w=1000
113, 3, fco, https://i.seadn.io/gcs/files/2df5e0d6adc0ddd76c3d2e60edd8a30e.png?auto=format&w=1000
114, 3, fco, https://i.seadn.io/gcs/files/c84021fcadfae0549d99e943ca3f7c20.png?auto=format&w=1000
115, 3, fco, https://i.seadn.io/gcs/files/d7cb59858ba8ca956912e500ca0fa7fd.png?auto=format&w=1000
116, 3, fco, https://i.seadn.io/gcs/files/9c8dbc66ff5ca2e4a8a6141acb1fc34d.png?auto=format&w=1000
117, 3, fco, https://i.seadn.io/gcs/files/16d31a053c86677c7fee442cc14e4524.png?auto=format&w=1000
118, 3, fco, https://i.seadn.io/gcs/files/81f46be4b0e08e6d5d7f9c6c9bcd02f2.png?auto=format&w=1000
119, 3, fco, https://i.seadn.io/gcs/files/33afd5f33012bfa6f5a2f2deb837ee7d.png?auto=format&w=1000
120, 3, fco, https://i.seadn.io/gcs/files/3d9b4afd986d5aeb3043f57dc03623bd.png?auto=format&w=1000
101, 4, fco, https://i.seadn.io/gcs/files/9fcbeebc6ab9ea287d27d609ae7d02f9.png?auto=format&w=1000
102, 4, fco, https://i.seadn.io/gcs/files/933a98871199d74f31a03eb9484fb179.png?auto=format&w=1000
103, 4, fco, https://i.seadn.io/gcs/files/0cef43e757964aa2bfddc1ab7fa4aeb9.png?auto=format&w=1000
104, 4, fco, https://i.seadn.io/gcs/files/8b5da400c28a55ae2513dd30a97621b0.png?auto=format&w=1000
105, 4, fco, https://i.seadn.io/gcs/files/8f104cac09d9cf933d0d2b1fdd996f95.png?auto=format&w=1000
106, 4, fco, https://i.seadn.io/gae/X5LdmVSNEKOqVzg_lQetM9ElFnhv_925HFQDpzGmPx_1Wj8az1H4Nw6G_wpZWxWvlMgfvA_SR5bDV2fMssiNOAZEuNF381i_F_uV?auto=format&w=1000
107, 4, fco, https://i.seadn.io/gcs/files/8d15a6589aec99ece0617d044d6a2819.png?auto=format&w=1000
108, 4, fco, https://i.seadn.io/gae/M0Wwbe7OaUguWoUUj9OK60heow6we6qI3E5r2wJcWd2Mr79vIBEcpOVWILRLereU0rv1xvsskgBT3wbMcJQaEDOkE2Je_esZV2XE-g?auto=format&w=1000
109, 4, fco, https://i.seadn.io/gae/mY0lMSZwrb06DXnq_bZMbzDKQWw2ekr9VN71ltLiWGtc4BsdxXpxL7MwTVVSNDYy5jTPPyBqftm9_99TYSl4Y-Vftjos0Up4T5SJHA?auto=format&w=1000
110, 4, fco, https://i.seadn.io/gae/Legh7VchLLbxvPeyle-1WXIb4K8YK3QSG6nS1g4v6UUXMSHHKapg31ZR3yN2LZWEhzT11SW_XCF18e5sXoClw2e9ys6twKblsq90iw?auto=format&w=1000
111, 4, fco, https://i.seadn.io/gae/4E_A3kT6eKkzrQZhl6Tg0hqMj8HC1GFO4I49EQ1PLK5Qh6Q8LAxTus_Kcb5itsy3hXjNawVuAQOMvFcpbji-ACiAF82wOZOimlYf?auto=format&w=1000
112, 4, fco, https://i.seadn.io/gcs/files/3e885234c4eb893ef0151f82815763a1.png?auto=format&w=1000
113, 4, fco, https://i.seadn.io/gae/4EtvPZ7TcV1kSBfPmBdFvfpo_yUUeyN01s1R8cvjZtzyAL0nh1EDuyRhcDpK8VYkfYtW2XzoIMclnvuws2-OnS9MW0_naVPxX6tU?auto=format&w=1000
114, 4, fco, https://i.seadn.io/gae/i4aTrtLTeAlbqqDM2TjXpbe4WfDbXmT6iYPsyfRj_cdzndMyT6L2HjJss48w_Jvz7WIfDjUaSIn50FTTgmZRy0ThBL5pDCxJBpBL3A?auto=format&w=1000
115, 4, fco, https://i.seadn.io/gae/F9yZYgZDFbDeEsjqo2t5qkCevAWGFI-LqiEKwdwTaFj-PQW-Q_wtqgQeT8iIxbTLsacd-3CVitqlpfQgS-50k6jX9UMFElMFgZQ6bw?auto=format&w=1000
116, 4, fco, https://i.seadn.io/gae/kpamyy9oKgEWOcd7ZSWdQy3DWrg7t008lXi0teSiv1uqjupY9a90PXr8QOmbGuDzOoHWGM9SFeiSFjw3HnS9mZ2rLMbfJyFJye1grA?auto=format&w=1000
117, 4, fco, https://i.seadn.io/gcs/files/aac8a8c4202e6b85eaff68a84d28367c.png?auto=format&w=1000
118, 4, fco, https://i.seadn.io/gcs/files/68710e109ff5916519d3f690ef614541.png?auto=format&w=1000
119, 4, fco, https://i.seadn.io/gcs/files/1118713dcce9e9e94a83e955eea82893.png?auto=format&w=1000
120, 4, fco, https://i.seadn.io/gcs/files/ce073abe80d2b2f335a470df09867498.png?auto=format&w=1000
101, 5, fco, https://i.seadn.io/gcs/files/06dd17272e4e059e9bf32b18a860c918.png?auto=format&w=1000
102, 5, fco, https://i.seadn.io/gcs/files/0d7623524768f6bbc04483f902e71ef6.png?auto=format&w=1000
103, 5, fco, https://i.seadn.io/gcs/files/227049af7876e3c40ef4d74aaf778781.png?auto=format&w=1000
104, 5, fco, https://i.seadn.io/gae/PyXBexSmGEvSEOzyP1OwDEjSRMT4QovxKYQh1SodOGwdRpSwf4ygQDjWRJptQu_xh4ua1la6Qm0Zj9Mjrtw8Ns9wHAi8IjlIkL1o?auto=format&w=1000
105, 5, fco, https://i.seadn.io/gcs/files/f8c30ff2fdc655b90fecba2255580369.png?auto=format&w=1000
106, 5, fco, https://i.seadn.io/gcs/files/1010a1ea9eefadbe336bd936d7de2992.png?auto=format&w=1000
107, 5, fco, https://i.seadn.io/gcs/files/8baa89d1aeaeaf2d110a1bab1ea5e1ce.png?auto=format&w=1000
108, 5, fco, https://i.seadn.io/gcs/files/d476a413b512827d164cd8364b5c17d5.png?auto=format&w=1000
109, 5, fco, https://i.seadn.io/gae/kZlLuqb0tWriYhPu00LKxUsn2o7nnKoTKVFdMSYtdWXPQDorvePBO835NVUYcidnSLITZlB_TaUUsuepxut9bCPpg5KCp8kpZLrYvQ?auto=format&w=1000
110, 5, fco, https://i.seadn.io/gcs/files/8e54a653ee924754e30953e87e832169.png?auto=format&w=1000
111, 5, fco, https://i.seadn.io/gcs/files/a0665255973757b75d69baf72d3708d7.png?auto=format&w=1000
112, 5, fco, https://i.seadn.io/gcs/files/5994ffb9a5f69ced760f5857705517d3.png?auto=format&w=1000
113, 5, fco, https://i.seadn.io/gcs/files/5c12516b4686ca625fdc470013fb18a5.png?auto=format&w=1000
114, 5, fco, https://i.seadn.io/gcs/files/629e74b09b7a336b43372125515cac6a.png?auto=format&w=1000
115, 5, fco, https://i.seadn.io/gcs/files/92f083ea7ef80ef8eaf004b60b73121a.png?auto=format&w=1000
116, 5, fco, https://i.seadn.io/gae/OdQP6pFiZwDcSOQhBUy9xj_4KEDbQr_cXrx-jAQvSmr4fPzvtnat-x8KKJE6bolT9ZVXArLyKZC8P9YLutwTUnQkn1RmKg8uZhAc0w?auto=format&w=1000
117, 5, fco, https://i.seadn.io/gae/qyfanIVAptjiyBoUYfW07iS5d3_CTWm2Cw6vOEFg2DDb83jVtZJveGFXbz7UgZhG46H9VSe-fGUqTPuBtW24Unlge4NDd1Q7s2qa?auto=format&w=1000
118, 5, fco, https://i.seadn.io/gae/JnIT9gntMpfyvsM-ecyljhhT3kNGXl4svXJlIcyEdiILC2SYFkX57CAplMmrIUvYOXsh6L2kkiL7Ugz3-LKgYRRyYjsk-1XgUMdC?auto=format&w=1000
119, 5, fco, https://i.seadn.io/gcs/files/e37d68194057a5b0a5c439015657112f.png?auto=format&w=1000
120, 5, fco, https://i.seadn.io/gcs/files/47180be4f87143e0921762a094ec7de8.png?auto=format&w=1000
101, 6, fco, https://i.seadn.io/gcs/files/cbfcca39cfeb782e045a5a4058a383a4.png?auto=format&w=1000
102, 6, fco, https://i.seadn.io/gcs/files/e2a6680d2642e349163aac41f93246c9.png?auto=format&w=1000
103, 6, fco, https://i.seadn.io/gcs/files/d0a4d432c3b9431c3d56edaddf2bfc26.png?auto=format&w=384
104, 6, fco, https://i.seadn.io/gcs/files/06c727be1e3f1b1bd2ba20d53417f6f6.png?auto=format&w=384
105, 6, fco, https://i.seadn.io/gcs/files/4832d4a805b111c902b81217f01cd358.png?auto=format&w=384
106, 6, fco, https://i.seadn.io/gcs/files/6341c0fe7900d1f465b2f96b756b7e4e.png?auto=format&w=1000
107, 6, fco, https://i.seadn.io/gcs/files/cebd38293b7dad12baff7ba41247d13f.png?auto=format&w=384
108, 6, fco, https://i.seadn.io/gcs/files/16eb33b2d6e48d34b374706ed892ca3b.png?auto=format&w=384
109, 6, fco, https://i.seadn.io/gcs/files/1e5a162aa97e66b3f5bce802ee6d6207.png?auto=format&w=384
110, 6, fco, https://i.seadn.io/gcs/files/eb74784aafe4cbd91caa16f57461e207.png?auto=format&w=384
111, 6, fco, https://i.seadn.io/gcs/files/799adb042f32725f5c37903508bd2d3d.png?auto=format&w=384
112, 6, fco, https://i.seadn.io/gcs/files/0a8fd7875e1337fba28122b783d43c48.png?auto=format&w=384
113, 6, fco, https://i.seadn.io/gcs/files/42d952b9e112fb43a9c784d41ee3a175.png?auto=format&w=384
114, 6, fco, https://i.seadn.io/gcs/files/c769fc37eb1830efa96ab50eea09557b.png?auto=format&w=1000
115, 6, fco, https://i.seadn.io/gcs/files/a9da29f6a9f5eb86d520a8a0766ffa5f.png?auto=format&w=384
116, 6, fco, https://i.seadn.io/gcs/files/bd6f7d8b79a03c8a798d40a31beb440f.png?auto=format&w=384
117, 6, fco, https://i.seadn.io/gcs/files/06d273e5e48894df08e17319a1d442eb.png?auto=format&w=384
118, 6, fco, https://i.seadn.io/gcs/files/d91eb78cd172ffde3b14d2a0dbd8288c.png?auto=format&w=384
119, 6, fco, https://i.seadn.io/gcs/files/44b6728d4714aed39a9debda160b706e.png?auto=format&w=1000
120, 6, fco, https://i.seadn.io/gcs/files/fca207edf3be41002d03dc91da30b75a.png?auto=format&w=384
101, 7, fco, https://i.seadn.io/gcs/files/878b679d3f433d26786cfd73c1491d1d.png?auto=format&w=384
102, 7, fco, https://i.seadn.io/gcs/files/dc29219aa8f92ee58b84bf259bf3b924.png?auto=format&w=384
103, 7, fco, https://i.seadn.io/gcs/files/4bc81cb1183aedf4f8973c6b8b7d54fb.png?auto=format&w=384
104, 7, fco, https://i.seadn.io/gcs/files/3c7330a0f3557cd8b3dc1df9778788c2.png?auto=format&w=384
105, 7, fco, https://i.seadn.io/gcs/files/635c64b0c638ab3d1443f19cbf2f01f2.png?auto=format&w=384
106, 7, fco, https://i.seadn.io/gcs/files/3d69d0ee8c00ccb3036c4b97d41de720.png?auto=format&w=384
107, 7, fco, https://i.seadn.io/gcs/files/8ad6e0f07b7f802d58dbaf7ab834d71f.png?auto=format&w=384
108, 7, fco, https://i.seadn.io/gcs/files/66666a44b1198c3e56fcb5f7bd1eed7e.png?auto=format&w=384
109, 7, fco, https://i.seadn.io/gcs/files/25bf7380bd1b8f4bab50fbcbb13563bd.png?auto=format&w=384
110, 7, fco, https://i.seadn.io/gcs/files/c836b34a114d0ada8ceadf55cb2fe5ef.png?auto=format&w=384
111, 7, fco, https://i.seadn.io/gcs/files/7f1a1b3b0c6c05aab06f008b64a774f1.png?auto=format&w=384
112, 7, fco, https://i.seadn.io/gcs/files/a70f1bb79873209006f937a1f8a37bd6.png?auto=format&w=384
113, 7, fco, https://i.seadn.io/gcs/files/0ec708b794bec46905e702a843cbc4b2.png?auto=format&w=384
114, 7, fco, https://i.seadn.io/gcs/files/16497c978e3c5ee1de378231c814366d.png?auto=format&w=384
115, 7, fco, https://i.seadn.io/gcs/files/ce2fb2cb0811b775b6e7b09b7d615481.png?auto=format&w=384
116, 7, fco, https://i.seadn.io/gcs/files/74425e3ecdb0f9e61932284d782849f3.png?auto=format&w=384
117, 7, fco, https://i.seadn.io/gcs/files/31134b10d1483b116c9bd93b2a4796a0.png?auto=format&w=384
118, 7, fco, https://i.seadn.io/gcs/files/464618e92ee9889def2ba8604fd9227c.png?auto=format&w=384
119, 7, fco, https://i.seadn.io/gcs/files/96e5477ea7aae221bc0b6109d8e15aec.png?auto=format&w=384
120, 7, fco, https://i.seadn.io/gcs/files/b5569409b69a8a354a9ec282904eddb4.png?auto=format&w=384
101, 8, fco, https://i.seadn.io/gcs/files/3084eb5593aca1d135f54f7839c4e84a.png?auto=format&w=384
102, 8, fco, https://i.seadn.io/gcs/files/c2aefb5a736cc06ec6d75a561aebc8c8.png?auto=format&w=384
103, 8, fco, https://i.seadn.io/gcs/files/d914c7ce306fdac2b642e582cc85ee48.png?auto=format&w=384
104, 8, fco, https://i.seadn.io/gcs/files/227ed7cd67ad87461fed9e6f9eb15ac3.png?auto=format&w=384
105, 8, fco, https://i.seadn.io/gcs/files/3f5184cc1790d68b3f3692d56d5f5cbe.png?auto=format&w=384
106, 8, fco, https://i.seadn.io/gcs/files/8647047c9cfa344701ad0a65cd378c2d.png?auto=format&w=384
107, 8, fco, https://i.seadn.io/gcs/files/3c3d2b7aed7d6d77e7e9c35405abb503.png?auto=format&w=384
108, 8, fco, https://i.seadn.io/gcs/files/83293b372dc540654beec1e5adc9e630.png?auto=format&w=384
109, 8, fco, https://i.seadn.io/gcs/files/0e4bc5c2d970fac50d17e756b189ad1b.png?auto=format&w=384
110, 8, fco, https://i.seadn.io/gcs/files/86bde8d69f0bcad7adeed311c1729e50.png?auto=format&w=384
111, 8, fco, https://i.seadn.io/gcs/files/4aea354c6fcba26d1f14948bd182f992.png?auto=format&w=384
112, 8, fco, https://i.seadn.io/gcs/files/d0de483dd74f4c76db5d48343b9a4075.png?auto=format&w=384
113, 8, fco, https://i.seadn.io/gcs/files/ebadf757325e2b3834628b99b7aec3b9.png?auto=format&w=384
114, 8, fco, https://i.seadn.io/gcs/files/db3cc136b4d65b33d2f58ef97a8f35a5.png?auto=format&w=384
115, 8, fco, https://i.seadn.io/gcs/files/eeca1f39a17bf450edca92fec24fa8e8.png?auto=format&w=384
116, 8, fco, https://i.seadn.io/gcs/files/b2c7fc5e9b3cb18f6f85cca808aaed90.png?auto=format&w=384
117, 8, fco, https://i.seadn.io/gcs/files/de639860564153a2d9bd0c6ba7c80e88.png?auto=format&w=384
118, 8, fco, https://i.seadn.io/gcs/files/093a705f05388db9e6715d9143f2704e.png?auto=format&w=384
119, 8, fco, https://i.seadn.io/gcs/files/34db4f63705a3f0c79d461a5b0736dc4.png?auto=format&w=384
120, 8, fco, https://i.seadn.io/gcs/files/6eda35a602a745c0796094e9133d1963.png?auto=format&w=384
101, 9, fco, https://i.seadn.io/gcs/files/a3f983ad2e71e427424e8a4e7e7b1e62.png?auto=format&w=384
102, 9, fco, https://i.seadn.io/gcs/files/a333da40fea8afc5c0c6ff3d486daf2d.png?auto=format&w=384
103, 9, fco, https://i.seadn.io/gcs/files/17f23e3d5be1e62dff0c0af559c2b7ee.png?auto=format&w=384
104, 9, fco, https://i.seadn.io/gcs/files/b33a75aa7acec4f6e097f4a08c9dcbf0.png?auto=format&w=384
105, 9, fco, https://i.seadn.io/gcs/files/67d2b824a09a9accd8796474a670fa7b.png?auto=format&w=384
106, 9, fco, https://i.seadn.io/gcs/files/1060736d42779a39c2921aec706ade50.png?auto=format&w=384
107, 9, fco, https://i.seadn.io/gcs/files/5210259e6aa9b781203cdf2b66d2c042.png?auto=format&w=384
108, 9, fco, https://i.seadn.io/gcs/files/5a77ca9145001d1c9bf6ba19c4f73d45.png?auto=format&w=384
109, 9, fco, https://i.seadn.io/gcs/files/59a255a6be5ec1c0bca9e476aab0a802.png?auto=format&w=384
110, 9, fco, https://i.seadn.io/gcs/files/c07e7ec6dffaa404483372c3f341dea7.png?auto=format&w=384
111, 9, fco, https://i.seadn.io/gcs/files/60bf00392588d6002cc2d11f36286148.png?auto=format&w=384
112, 9, fco, https://i.seadn.io/gcs/files/a533bd3565d68dabb460cfe67f0b19ad.png?auto=format&w=384
113, 9, fco, https://i.seadn.io/gcs/files/9ce78ffffba4902cfc7d78e7170223a2.png?auto=format&w=384
114, 9, fco, https://i.seadn.io/gcs/files/01b4b25d0c5e8e2f9408c01add292daa.png?auto=format&w=384
115, 9, fco, https://i.seadn.io/gcs/files/b1ca5d39fe191fc4c9fa79a77996abab.png?auto=format&w=384
116, 9, fco, https://i.seadn.io/gcs/files/0588ec2530e9b9ebb35ed9b03e1c0212.png?auto=format&w=384
117, 9, fco, https://i.seadn.io/gcs/files/c8fb2d76354d1309dbdd6ed3d9d4233e.png?auto=format&w=256
118, 9, fco, https://i.seadn.io/gcs/files/babdc577205b4cbb85f1777b85875101.png?auto=format&w=256
119, 9, fco, https://i.seadn.io/gcs/files/791e326335c66358b994549edf4936e2.png?auto=format&w=256
120, 9, fco, https://i.seadn.io/gcs/files/9259202a0638ce945ff3ede1f4329e29.png?auto=format&w=256
101, 10, fco, https://i.seadn.io/gae/ZGDhzIumRrRELKWEVJaVRvUUvYh1Dm2Kv_txJQVH6Itx_DpmBfvMfyluFmjku2zxGzDNC_aLSETuk3dC5-9dQfyt0JWkCzOGirtA?auto=format&w=384
102, 10, fco, https://i.seadn.io/gae/4TC11_9ffCO7eluA-0F6PIgitEa5by138TzYzqTsHV3oECo3AQuHvHCtlCad6JwWFbiR0Sjm21armVMYjcB5wSBhEddbxgXGG9-vvNc?auto=format&w=384
103, 10, fco, https://i.seadn.io/gae/Bdko1G4WZ2Y_V7ngG8JEniWy0qFj48yZK13I-eFR5SODXjMzUYJ__gzne6lmDzHo9Yg6rOiPY3PYLD3n47sb8nsN2PdxYpTMXw6f-bI?auto=format&w=384
104, 10, fco, https://i.seadn.io/gae/UKd83e5N0f_1Le7FU3iPsnNURoACqEgb-2UOb3g3mGaGnMjsBa0P4T-iDDHO3sllgJZ198GWVQ1yolAkm7AjErNY83Um9CRxuJ5Gog?auto=format&w=384
105, 10, fco, https://i.seadn.io/gae/EpxZe7myI6rvgr68W00E1F97XJSVkqMFap8PAIjFyHcD9HsWG72zTZuIO0yE1l60-eXATBx8ywmOxYTMjFtffJfL2r2cZaKWlsPo?auto=format&w=384
106, 10, fco, https://i.seadn.io/gae/w11KEKrZUlEz4n3B-yXE2zPc7A1hSSMt8BGwwYpD-0Xoq66K_ahnTMVaP8bMdckWQElnSC0z6MH_JbL5FiRDq5ZGbJohU_w7HcVIvg?auto=format&w=384
107, 10, fco, https://i.seadn.io/gae/Z05pA_j5UtgvD-HVEIeIUe62CTQgNVrJT4S4nDG_A-oJZEtwKVwY_mxUvWUnFLpHrFo02VldJSyMd73bUKuQr7_4pypk9tHK45GU3A?auto=format&w=384
108, 10, fco, https://i.seadn.io/gae/Dh4obVwnI3CGg-NqSgjIEgeZ8LGhNctBktCjpG9xAYkA-ZTEigp2d9CMlF7ohNWCcbaaS5Elr2FzAhnRSbzxh_gE9ngTbcqmevwf?auto=format&w=384
109, 10, fco, https://i.seadn.io/gcs/files/be4813d9f879b0bbf751342cc7843d00.png?auto=format&w=384
110, 10, fco, https://i.seadn.io/gcs/files/3cf90d33e55ee2aa42d7d1fdd7eb56c2.png?auto=format&w=384
111, 10, fco, https://i.seadn.io/gcs/files/2e19ac887f36a72ce085f1b95d498ce3.png?auto=format&w=384
112, 10, fco, https://i.seadn.io/gcs/files/cdd488ff4c88d9839f2fd2cd3006a46e.png?auto=format&w=384
113, 10, fco, https://i.seadn.io/gcs/files/47cf0d55c6b8d2fa2ddbe29eea57cec5.png?auto=format&w=384
114, 10, fco, https://i.seadn.io/gcs/files/5cf7a4b53bfe808e05f0fbff8ae4c812.png?auto=format&w=384
115, 10, fco, https://i.seadn.io/gcs/files/ac9fd8e2bcda39cc6743881e313cd4f4.png?auto=format&w=384
116, 10, fco, https://i.seadn.io/gcs/files/69b933f4fbc144323a13ab1ab749399b.png?auto=format&w=384
117, 10, fco, https://i.seadn.io/gcs/files/1e276493b06494735b0fec7f78fcf55d.png?auto=format&w=384
118, 10, fco, https://i.seadn.io/gcs/files/30a2a96ca897960870f6b82696bb8612.png?auto=format&w=384
119, 10, fco, https://i.seadn.io/gcs/files/9ed9df005d79ec6265da7e11e33582bc.png?auto=format&w=384
120, 10, fco, https://i.seadn.io/gcs/files/39b3e97da4eed380d4f8e77b968fafa6.png?auto=format&w=384
201, 1, sco, https://i.seadn.io/gcs/files/5afa38820ba675afe529f717f4daca37.png?auto=format&w=1000
201, 2, sco, https://i.seadn.io/gcs/files/b421113967f180b2088a74f08f829186.png?auto=format&w=1000
201, 3, sco, https://i.seadn.io/gcs/files/7978ad67348a90872c4bac4e9085a0b8.png?auto=format&w=1000
201, 4, sco, https://i.seadn.io/gae/kg2NuqE5TQoOGIpvOCUmhq27V5Jam4iXsyPbk0pwjBmLgAwKM6ywh8-jvfhRfP-vOjNY_kBZQvL1PsCPhxka4V1qAavkm-1G8oKCHA?auto=format&w=1000
201, 5, sco, https://i.seadn.io/gae/4_cSZmvBj81lAubaorMRN0cAd7L5tg7-Zi7SvnPCpOh1IVp_tRvpSJ6it7AMt6nP5XjJ8Xw8EJK6k4NpvRYUDGv3lN1RSbcgkaYne58?auto=format&w=1000
201, 6, sco, https://i.seadn.io/gcs/files/658a1a8bd2b71d13738be56d0b3de5b2.png?auto=format&w=384
201, 7, sco, https://i.seadn.io/gcs/files/d6d7d0c33eba1d216fb43de452b59802.png?auto=format&w=384
201, 8, sco, https://i.seadn.io/gae/3_3AzCmdqDmAMS0hdmErdVBpLXgHPy6MQ1iOmg2xJ0EJSN7AXLEpPVaamuAM7uEUin4InP1JEx-tI254ANuYkO226AYlnto12lwhoeU?auto=format&w=384
201, 9, sco, https://i.seadn.io/gcs/files/3da000a5c9dba6ccaf75deefbc4a0675.png?auto=format&w=384
201, 10, sco, https://i.seadn.io/gcs/files/175f0bf70a9b7ce11f35469574fa644d.png?auto=format&w=384
202, 1, sco, https://i.seadn.io/gcs/files/b62aabce62b0eb23d30ec6fc6b7a22ad.png?auto=format&w=1000
202, 2, sco, https://i.seadn.io/gcs/files/358673a738be12a2d332ce5607e3d46f.png?auto=format&w=1000
202, 3, sco, https://i.seadn.io/gcs/files/60b71fc7c5757d01701ba286a42a8980.png?auto=format&w=1000
202, 4, sco, https://i.seadn.io/gae/7TT_brInjpRcb1LPBA_tlxU7Kj2RhZuxTluoAHwVy6mVUfOremKyFL3MBn4QG2nSOMMTbmtaiIAU3bqhtoCkZLHsfvAh8wal_J5G?auto=format&w=1000
202, 5, sco, https://i.seadn.io/gcs/files/81dc82c9f2985686dfc3208b70353624.png?auto=format&w=1000
202, 6, sco, https://i.seadn.io/gcs/files/4cce979639d88bfa8e1183e9dccbd56d.png?auto=format&w=384
202, 7, sco, https://i.seadn.io/gcs/files/46c42cf9e6c7a2d878f39acdf39ea692.png?auto=format&w=384
202, 8, sco, https://i.seadn.io/gae/HQnfRlINPizgJsNGl5wCC4CcUY58RM5A_HXB2tKha_UY8P-bnD1pzkmF0WWAhf5Jfek83BijyFxrNg9OO4TuXHiwGvs-3F4T55vxFA?auto=format&w=384
202, 9, sco, https://i.seadn.io/gcs/files/f5956e79e0a7d2fbad8f8cf9f55fa382.png?auto=format&w=384
202, 10, sco, https://i.seadn.io/gcs/files/ab13720278f56628a6181b4c34e8a280.png?auto=format&w=384
203, 1, sco, https://i.seadn.io/gae/h_V8lirujykoQFdmmWGsMTXUnT94W2GDVKQX-i6UWjrHzWkKmqFHI0yIIg_ZXVc5qzX4IdSZSmllHdjmka2priVIDZbXWe9ZpoM9YUY?auto=format&w=1000
203, 2, sco, https://i.seadn.io/gae/xgaOfUUMHYn-batHykL3H1vYh6R2pmnIMHS7seYu4susCadbeM0BqeuY_KdHS9F1xqElNW4OJVK9XUVtG97O_B8mnOI_ot6szO1f?auto=format&w=1000
203, 3, sco, https://i.seadn.io/gae/9FfT-LdQadxEKhQq2WAMbjG04Dfihel3afK5ukeL-LcY4LdU7cXdCJcgYGjjvLTgofhVvso_5by5ySH5g2faaxhZCVl6BQhkEgT6684?auto=format&w=1000
203, 4, sco, https://i.seadn.io/gae/0PXCEYGwKG0Z5G1VJf-XtB7FxxJTLJhvzcxkAAb935Hdkpnty1wLKZhegdZ9-3IPTjlIDRmfHjZbpVAi97xN6r9BG6fH-tvutDhWdg?auto=format&w=1000
203, 5, sco, https://i.seadn.io/gae/g7wXotCcozSrfTDvXT0c-UBf8Np5suE41ogPMFlpJ45n5_tu0HAMuHHlIiCaxi24TTKWDeQZrvLe7NQYRcniD0lrx5YtcrdX-HL7Ew?auto=format&w=1000
203, 6, sco, https://i.seadn.io/gae/QI4LCi8P07b4OdmNh2yhADyd9WcypqXtCGRe24hpx8SDnHAr3hohM-Ojqrsn1-42bUkf8kOUsA82VBCGNYWbVwFhRNrus3InQy-E?auto=format&w=384
203, 7, sco, https://i.seadn.io/gae/gcbsWO7t_ZKsSv1Rgu9g_RYRmRF5He96OTxvhWuZBl83KbdnTehPy6VJm_Uwm3EauUBK0ngtymNV3tYAr9ZLcZoCreq65Me7KkVwGgs?auto=format&w=384
203, 8, sco, https://i.seadn.io/gae/bikZWLaz7NxWhrPc7b0L48AFxuk84RpQKubqLPGC5ooYVnVK4vOFzCvZF_zyOl3U8AoN-mQyR7u0pd_OE9A0329mcg5eHviApVWdtQ?auto=format&w=384
204, 1, sco, https://i.seadn.io/gcs/files/18c23fc95de03391958788cf43df0dbb.png?auto=format&w=1000
205, 1, sco, https://i.seadn.io/gcs/files/5ce7bfe4769cd18238652063d04a5e65.png?auto=format&w=1000
206, 1, sco, https://i.seadn.io/gcs/files/f6bc426b9c8c53b6d3ac15b2198299e5.png?auto=format&w=1000
207, 2, sco, https://i.seadn.io/gcs/files/9413cd78741373081de09f2598e18383.png?auto=format&w=1000
207, 5, sco, https://i.seadn.io/gcs/files/63592e45929aa3cf22fea2e7d8b12350.png?auto=format&w=1000
207, 7, sco, https://i.seadn.io/gcs/files/cd366f4a5b27054c84c12de29846e920.png?auto=format&w=384
207, 8, sco, https://i.seadn.io/gcs/files/9803f1b88b75ba3ad840b174085d7d83.png?auto=format&w=384
208, 2, sco, https://i.seadn.io/gcs/files/e7f7a36a99fe20005b76a36dadbf767a.png?auto=format&w=1000
208, 5, sco, https://i.seadn.io/gcs/files/86b5500c0a90f993c16b35ab1d4eaa9f.png?auto=format&w=1000
208, 7, sco, https://i.seadn.io/gcs/files/9cbf48b66d5ada08a90a425aa45edc9f.png?auto=format&w=384
208, 8, sco, https://i.seadn.io/gae/tkEA8pXG_eg9drfspKMtGHIzcMZP4pxjytVkZAHnxww_F5S_SDYprUV-149VVvUrxR1THy8zAdUUubuqZecj_yYfiyuIZ3xxCB_v6w?auto=format&w=384
209, 2, sco, https://i.seadn.io/gcs/files/08c5749fa25079b46ee0c3edc9c6b12d.png?auto=format&w=1000
209, 5, sco, https://i.seadn.io/gcs/files/5ba7a543224bf407241a21d4597f2878.png?auto=format&w=1000
209, 7, sco, https://i.seadn.io/gcs/files/4e40542e7c71f6a47a8e1796cab7738d.png?auto=format&w=384
209, 8, sco, https://i.seadn.io/gcs/files/948ed8344589594900a1ba9055701176.png?auto=format&w=384
210, 2, sco, https://i.seadn.io/gcs/files/efa19091c05f5621b45e04f703ed78aa.png?auto=format&w=1000
210, 5, sco, https://i.seadn.io/gcs/files/26adf5b5013e1eb04b91e34dd2f5c4c5.png?auto=format&w=1000
210, 7, sco, https://i.seadn.io/gcs/files/153712da54278799c495b1ff1ba6182a.png?auto=format&w=384
210, 8, sco, https://i.seadn.io/gae/ymdTeDCEDJi5OVe1X79Mg-rfPVmFmXhjG3bBXEIvEqXmFhHBZf3ELRsB75kYftJmiZBNE0MFMm1wEESoy7wgjuFZkz7sJslVWNbHNA?auto=format&w=384
211, 2, sco, https://i.seadn.io/gcs/files/c153e2bcaaf5f65992fbbe6c26b6e5e3.png?auto=format&w=1000
211, 5, sco, https://i.seadn.io/gcs/files/3d78d17618f53f3f5a0e3b124db0deb2.png?auto=format&w=1000
211, 7, sco, https://i.seadn.io/gcs/files/3e716f21c942d5b6d12f6abdcca49475.png?auto=format&w=384
211, 8, sco, https://i.seadn.io/gcs/files/dd08a4ec15f278e2a29b8fd1b21da2e5.png?auto=format&w=384
212, 1, sco, https://i.seadn.io/gae/RmnyhEswDBAIKFHyHpccA65zlF5CPJFqM8x9Ma8DsfAhZckTCmQVUDGJc8wgx0r2bmvGtZIyf3H-u8fq_B-8ayPzzUpW-vKVX2vdOw?auto=format&w=1000
212, 2, sco, https://i.seadn.io/gae/ah8Ka2c7KPAMaXdUPwUHnOsFBJ-hHhyM0vgcbezuEhJAyiw8n8XTeFKCJiFi_9KbfnVCbsoAJBRvkswilXbByDkay83uFtIEJOqZxA?auto=format&w=1000
212, 3, sco, https://i.seadn.io/gae/d8MRDpiojghdjVBPvbotJdLTJNO9PmgB4-MAHbycP_MJTmilu_IYhRpnC2_InBmGiq-GgF-NqOc1iJDMlYhFyyFvGJ-5OcQ5nu0mQw?auto=format&w=1000
212, 4, sco, https://i.seadn.io/gae/FZYkI4wrRqFzUMpOTr-GmkYRreQZ9TD7FE6l04lBJ70CM5T9S_8fWWkYM44bxz7iJDRAIQJdbvpFobOdwqWJsm0aGIZJtW02t1ma?auto=format&w=1000
212, 5, sco, https://i.seadn.io/gae/8CCxBABugikvbLmmU9XW_nOrB6LQT7v1poNHol94UsI1rclf3ZGCT-JJHWUKfvD4L6JX25aDBw-T3Lmya19f-Z_YbWOz-5tEwR4-5Q?auto=format&w=1000
212, 6, sco, https://i.seadn.io/gae/tPFAk4ly807LoKYDimE2qbz5G2dEXHVzfyNTpcO9tDniPWA-A3mFLMWsQ55KFwV-xSDC-DMpg7W1Jvh3qIwFsSjxR2U7Op4nXm9ePA?auto=format&w=384
212, 7, sco, https://i.seadn.io/gae/yLDmZUdFtJZEfQonbcYbXREb541YfJPUOzTwrZDvvxNaipCsHUbbGHfyhitD4QpgDEgz9JghNDyyKQdf_JuDaDFSXweUIhAPaJ3kyQ?auto=format&w=384
212, 8, sco, https://i.seadn.io/gae/5uQRcjlO4XZ861Nya00N5KpmGg2Dx2OsXMfBVJVj4ioBzZOdm0ENuj_qMj7qT710llRt8nqMZ0y5_ieTjUbD6gSCJ4r34LyZAjIR?auto=format&w=384
213, 1, sco, https://i.seadn.io/gae/yqmU_UKTEduLQ2AydAGi8H-YprRfI2ApuMs4EkZvuI52_Ytk2GA5FEAzJdBlAdup6s5AOHarsMpedG7-PI-RwilMtcvrLRPfSY_1Tw?auto=format&w=1000
213, 2, sco, https://i.seadn.io/gae/qZWTQvWUl9l7ZXFxuDl0Urg9JtGi5yDx_GUYB76OYt7bBbzs69JSrJdwupIDJg8qH1e4m92lNkVHD-jrWFuE93bNkMhQWxLHTWIjACo?auto=format&w=1000
213, 3, sco, https://i.seadn.io/gae/qTDrAbftUU5ca0sQj8agHG8kcSk19vY5zErmn2_t23IytB7-DM8sY4-zaQ-NyTTk3qGcvXNu_uSGH9eVQKgvD3tKz7WQ8CRMGoFIAw?auto=format&w=1000
213, 4, sco, https://i.seadn.io/gae/0qSz731Xwq9nKzVolNuqts6me9i4jftoarNoJlwaWmxLEtD0HcADwLyy1kntB3OknQCoR_WuYKHZTsSit4Z0dFntG1P_CAqa6-zgQw?auto=format&w=1000
213, 5, sco, https://i.seadn.io/gae/kFkNzGvfHfiFjp9LPWFuYqgKAYd3ht76W7hQmYF8hTzv4pE8sm8neKY48RbwTl6gr8XInxT-kxGh9LCa6y6V0L3StMAVKzH7aUtBkA?auto=format&w=1000
213, 6, sco, https://i.seadn.io/gae/4l_QqdixKjEr4omG24rgllIR6dJBxzkOE9w9FEp9LZzstiTfm6JMR9lQ6GbL9ZTNN4ZHseUSKXY4IX32lf7js7zz9OFNGDFU9YV1cg?auto=format&w=384
213, 7, sco, https://i.seadn.io/gae/Nc50bV-aPE1z07BCcQulHxznb6HyGNlFrlFJ2RZZL_HA5MeSa-Y7cYm7g9wN73cN_mqF2jYxo4naZ0frWIa50eiIXi3Wj3SM0bPakA?auto=format&w=384
213, 8, sco, https://i.seadn.io/gae/QBQHc7QlNa_BLegHCMGsnchNV21Vpm_IxHBp4IPRHuvz1SqK-zxWSMQ0FZVqF5eb2Hctjz5V_QCQaTzjqxB9M5I5HKMNLt_bVoYsBjs?auto=format&w=384
214, 1, sco, https://i.seadn.io/gae/YVOEeUvdq4IXWm0kB_3T8Vuc2nAwfNLBnUot89zHVzmDN_yLy7cw6T8e7KMcG9qKBY5V8Mf9Hriq3XDSzmrKTp8_nDpBHNgOhyR6lw?auto=format&w=1000
214, 2, sco, https://i.seadn.io/gae/uYYCsdogYa4yw8QDCF5_jSz5C4iN4Ts7xeaYocJrLU3PrB5eswqpRS5W7DpX8hQY2VVBc8TDrtg0-0oDoOdAdvTvRRBOoobEbcYxOA?auto=format&w=1000
214, 3, sco, https://i.seadn.io/gae/HT5TfVpWV7hu5fzz-EfnxwbIFtFofdNKTne7mOeMpYppVYDK-la8nAQ-xMYdIRVgs286ouh2k_bpi7Gun-Fgvja2jAsE6He3anr7XQ?auto=format&w=1000
214, 4, sco, https://i.seadn.io/gae/gYwNu9X3uRjPxFz8VpFYqECNn8mcukOQcabwD46TnIpbHEArjCrRXjRgnyK74zWLQJw-PLnA0nljsyVvmeqR6G0R7VlA_Up-x_ILlAE?auto=format&w=1000
214, 5, sco, https://i.seadn.io/gae/olif35Hi0yVps0d0jDyWGi7pmCF9qfNlmY_lcdvo5FiYLi6uiw-iNpKm-jeFJMWNY_Kr3EvIs4aUQ_Lvh2GmtleNkEbNFK8K-v7a?auto=format&w=1000
214, 6, sco, https://i.seadn.io/gae/sWnxnbmq5RRb9j1O3UCghioN1F8r70hgtwF41ORSk-hRaJ1eLntZs_73KJ26bYR46h0WOLdiIij8APPtJFzq8p-Fp7mrXJ3aAdV3uOA?auto=format&w=384
214, 7, sco, https://i.seadn.io/gae/0MgP7X5CnmU1utBNFeshoBuPjzyJ222dREkZKlYfUzDO04eanA0vzqEE5hj3w872IERb56lMxKbhjL0Ehn2Q_Dt8JzxvOMePwwTh?auto=format&w=384
214, 8, sco, https://i.seadn.io/gae/KAsNMRrEVGdzScRNecMe3U_E4RCdpItIEASxB8QieON3o1rjtffzDjqCEr6znEJiPxHz2toDrNDgS7JLAaFTCU3ZVaaSsZPTmSai?auto=format&w=384
215, 1, sco, https://i.seadn.io/gae/Hm2rO58_qsRVDOzr-QbdzJkshcaQt9SSncgthWEJuxUW_YyJ6WdQJTa8-hCoHDZ58ZyJp9CbiMpK_GDTcuRV8kac2Fhh0A49XWOS5w?auto=format&w=1000
216, 1, sco, https://i.seadn.io/gcs/files/b64346423482cf335547c8b8d5b63ffa.png?auto=format&w=384
216, 2, sco, https://i.seadn.io/gcs/files/2c4713dfc85a7b82e5270721bafd6a0a.png?auto=format&w=384
216, 3, sco, https://i.seadn.io/gcs/files/f93a802a1a13cd168522882082a2d2dc.png?auto=format&w=384
216, 4, sco, https://i.seadn.io/gcs/files/8e8bcb6ca8cbd3fafdb8c8a9d37c50ea.png?auto=format&w=384
216, 5, sco, https://i.seadn.io/gcs/files/772c5c0ec2f73192e37db04d32c4b5b8.png?auto=format&w=384
216, 6, sco, https://i.seadn.io/gcs/files/0730da188aac1fb4ebc403e4792843a0.png?auto=format&w=384
216, 7, sco, https://i.seadn.io/gcs/files/00dcf724bfb82e5fbbb16e2a5c843e93.png?auto=format&w=384
216, 8, sco, https://i.seadn.io/gcs/files/f3673de132e37a6afe8c5445935e20cd.png?auto=format&w=384
216, 9, sco, https://i.seadn.io/gcs/files/f67645c625077a18fd96815e5ccf6771.png?auto=format&w=384
216, 10, sco, https://i.seadn.io/gcs/files/596b70aff75297146871b1eca9460137.png?auto=format&w=384
217, 1, sco, https://i.seadn.io/gcs/files/adafa9a084644a34115bae76d24b8872.png?auto=format&w=384
217, 2, sco, https://i.seadn.io/gcs/files/e3a1b1de43c93aa5122fd3c153c80ede.png?auto=format&w=384
217, 3, sco, https://i.seadn.io/gcs/files/42eac5f861b2bb8e2aab7a1ab8569a64.png?auto=format&w=384
217, 4, sco, https://i.seadn.io/gcs/files/9c1e665b54d1338143bcd650e6fb44cd.png?auto=format&w=384
217, 5, sco, https://i.seadn.io/gcs/files/c4bd0a4a56fb68f544a8c5e6a37e4b7a.png?auto=format&w=384
217, 6, sco, https://i.seadn.io/gcs/files/df38598a82eaf63a932e025e56b15200.png?auto=format&w=384
217, 7, sco, https://i.seadn.io/gcs/files/f91d88611cb6983a7c6d3ae16f1ac7f7.png?auto=format&w=384
217, 8, sco, https://i.seadn.io/gcs/files/ffdda92e926bebdda77520f66d2cd5de.png?auto=format&w=384
217, 9, sco, https://i.seadn.io/gcs/files/7fbc85b0dd2e216c145ef8f2cac87528.png?auto=format&w=384
217, 10, sco, https://i.seadn.io/gcs/files/32478276a869a0dc86ce232b0adcdf4e.png?auto=format&w=384
218, 1, sco, https://i.seadn.io/gcs/files/aa13568b15f0a73c180e05ca0d0ead21.png?auto=format&w=384
218, 2, sco, https://i.seadn.io/gcs/files/ad3a160b71a648f0043d7d894d694c12.png?auto=format&w=384
218, 3, sco, https://i.seadn.io/gcs/files/bc1723e5a2f30351121c6826269a1bb1.png?auto=format&w=384
218, 4, sco, https://i.seadn.io/gcs/files/cda363de45467357d3b526b0de013ba7.png?auto=format&w=384
218, 5, sco, https://i.seadn.io/gcs/files/3f091767f316450b884ca67490eaf0fa.png?auto=format&w=384
218, 6, sco, https://i.seadn.io/gcs/files/094131bd4aebabe6b2cabf26390040a1.png?auto=format&w=384
218, 7, sco, https://i.seadn.io/gcs/files/77a44fc3f56aec32af0a6ad372d7f114.png?auto=format&w=384
218, 8, sco, https://i.seadn.io/gcs/files/4c4d7fef0e717bcd729cce03270489a7.png?auto=format&w=384
218, 9, sco, https://i.seadn.io/gcs/files/9a6c9a7b213468c6b07b5438377e5df5.png?auto=format&w=384
218, 10, sco, https://i.seadn.io/gcs/files/6b9fa06ddeb07d8d3a1a6a2b8d92b8dc.png?auto=format&w=384
219, 1, sco, https://i.seadn.io/gcs/files/4e2aa7c032913fe7a7d6734bb203ecf1.png?auto=format&w=384
219, 2, sco, https://i.seadn.io/gcs/files/e341fcba82b170d19e701593ddefb749.png?auto=format&w=384
219, 3, sco, https://i.seadn.io/gcs/files/0501690ac5ed58b95bb324563ef7f000.png?auto=format&w=384
219, 4, sco, https://i.seadn.io/gcs/files/65ef5d318534687ed6b212aa0d55a3d6.png?auto=format&w=384
219, 5, sco, https://i.seadn.io/gcs/files/8dcf9e3edfbebd06df455e2c67c6e2da.png?auto=format&w=384
219, 6, sco, https://i.seadn.io/gcs/files/6caa4d3ce9d02dab604a94dd97241496.png?auto=format&w=384
219, 7, sco, https://i.seadn.io/gcs/files/2c1c4d039e8923bb8b72445423b08fda.png?auto=format&w=384
219, 8, sco, https://i.seadn.io/gcs/files/f1d7fe2cc8ba911660e9efb43e12017b.png?auto=format&w=384
219, 9, sco, https://i.seadn.io/gcs/files/472e935a102142a7acaf52baa04a7166.png?auto=format&w=384
219, 10, sco, https://i.seadn.io/gcs/files/11c71884ac26b54146eee6ae388a5a48.png?auto=format&w=384
301, 2, dco, https://i.seadn.io/gae/QZ-_u9fQe-DpbnDL6Raa2SICBIq1WpgTeIAUoZkQxLb22Uk04rLIN85jfF_TYHrTFcrvqWwvZQv5vnqIr0d5ySZMhnbS41dhdPYzXA?auto=format&w=1000
301, 5, dco, https://i.seadn.io/gae/9-8h_F8gC0w53mWu1jyYvI1uZ2_uSj7TB2EyNSrTv54K0Q4damijF7hEUK6pZWFSw3yGMotLLmDzcywZ0JAWaX7jC94HaBljlTiMdw?auto=format&w=1000
301, 7, dco, https://i.seadn.io/gae/yPG_esI0iWyKYDzgmNYcK9c7WOmapylfAiTNnHMoiLzFtTxh4ZOorPm3RfYANVd0Hy8_ilA5gZfs4cFk4mYCNivxOjOz04Hinisq5Pg?auto=format&w=384
301, 8, dco, https://i.seadn.io/gae/NAbIHCbaZnxllR_RblEUI4bljkDjJE0nEtWMKPG23n4a4Au3sryjDdwWE4XhrGgAmAe6kF9Byq3sIrRAwPRfwmHRWaTD0vlWb-ntuQ?auto=format&w=384
302, 2, dco, https://i.seadn.io/gae/wKS2Nltkf44eO0PzyWV4N36fGuVmeyQhfyATuxtxpdwgNs4n3WimcpScTdSm0us8E2rYjltTCATihXESUNQQGnjMmDjHRkKuEwKj?auto=format&w=1000
302, 5, dco, https://i.seadn.io/gae/C8U1hwOxPA94ejABFiYd84rN-MLn1RYINyfQ154BiQ38lXxXY9SiaFRfguRuUG6zH_xLn3VDJOJ2oJYz2yb8x5M1HtgusWfB8LuTpA?auto=format&w=1000
302, 7, dco, https://i.seadn.io/gae/WoM0sHAxGFRQfJGAw7vqWrZKvqhYB4vLLC6ynGYchbOZoaLeZzuyv5uJFDdso88HSoxFx2MneZcM9DbMxa91xy7yR4GdOjUKrCFh_g?auto=format&w=384
302, 8, dco, https://i.seadn.io/gae/dthsuJCw3ZNqr36wGqYJon2hbIz2s3MycbAt9RKsUWLslYwcgcCvKD8AHvO3RAD6pW4sqY56KWHtCvl3W09_Z4p8ZkPi2EcmGHVTWg?auto=format&w=384
303, 2, dco, https://i.seadn.io/gcs/files/21b8110cec209a2793c16d91da577820.png?auto=format&w=1000
303, 5, dco, https://i.seadn.io/gcs/files/d01c4bea7331b17bd09244754100decf.png?auto=format&w=1000
303, 7, dco, https://i.seadn.io/gae/bAPekJBDVwvLwqczUyHi3mQfUVo2qZWHqW5gDdkS-hQxV20BohKimJaodv6FFF9AotGVv5RwKGtaJeRkVhOJLWr4WqDMZCpldKNqsGg?auto=format&w=384
303, 8, dco, https://i.seadn.io/gae/dthsuJCw3ZNqr36wGqYJon2hbIz2s3MycbAt9RKsUWLslYwcgcCvKD8AHvO3RAD6pW4sqY56KWHtCvl3W09_Z4p8ZkPi2EcmGHVTWg?auto=format&w=384
304, 2, dco, https://i.seadn.io/gae/rPKAY_EVoCJk434xcO1vH4-wBhVyKmcEKXN-9RB88n_V6xWQA2y2Fm0AlnKiZAXcloI61cH3BW4bGGXBpejzzdz0ll45DqM73zix?auto=format&w=1000
304, 5, dco, https://i.seadn.io/gae/IfcHEIgKtGqJeJXCnFpzJ1EBMiGGfIeOzKlWFOsTBCkuCDurP456bCkG2DQ4urNQbOrNaH-ee3tpzFdVV71imzYDXF2FPspSdprB?auto=format&w=1000
304, 7, dco, https://i.seadn.io/gae/EQWp6aKAMKtbgnp5sntJooMO8CEF8ptUGSlXs5ld1rQJ89UFINj4d08fWEMVugfEqhE8RaYgr_RY0N7-ZiONxfY8iwTHD_gTg4COVw?auto=format&w=384
304, 8, dco, https://i.seadn.io/gae/UmVbgDm0iBarGxMfn6VZyge3RLGBdqo6Y9f0CTxJrDtp6aPDS_sC4M43oLTo4-IS-yXFl2Qz-MTxLF7ncWCZK_jxt4bk9BrfnkGULQ?auto=format&w=384
305, 2, dco, https://i.seadn.io/gae/aGUMfbzo6aTd3XqWyD2qswAoTybvX1F29A14Fly5jrUyVi8-2j9uxBC8FBWDF2leU1tPnsAMsQ8nB1IjNvrOR1rMeXyMMmmeS3Yl9w?auto=format&w=1000
305, 5, dco, https://i.seadn.io/gae/eank-jOp9eOVRMpaWNnk5Le2Kz6p8rcQAmAoAgC5wftPnkjWKsqYeLzVirlhhTBmmXUh4TaPjaN2uQ42ZVSjaKEL5Rnj2q_fXdb3lA?auto=format&w=1000
305, 7, dco, https://i.seadn.io/gae/Z3ej2x81HpzJ6vF45iwdUB2Atg2EktNxyXidtgBEusLCynodCM7QUOXV2ZYYPMQyaJeki5OaP4mFwsVhp5I3D8xBPjyeplJ9muXgQQ?auto=format&w=384
305, 8, dco, https://i.seadn.io/gae/oKil_oNbOYgPrSjchKI4shfA2J8DaamfsA06XteeID35amSozokDnA-0h1ilYfoYAtylNQYaM7LQJN1sie4omvVSlB9A_OjS1IRI8Q?auto=format&w=384
306, 2, dco, https://i.seadn.io/gae/aqE-MgR7vyk2QgR2-eUJOwG-tSJ8-B3tq9mgUd1__WT5bmifGu5oggxJRAFgF49H3hn4BgTmysqMTaedYrmXpVLu1nDFb44px-U1?auto=format&w=1000
306, 5, dco, https://i.seadn.io/gcs/files/bd8921f0615b9d0ac75fb7b49a8c8ed1.png?auto=format&w=1000
306, 7, dco, https://i.seadn.io/gae/bbMh1hcyCHWJm9kYtDvvamsRyv_FLilaff7Gyf5ErO6KBxNG59Z1QlZnsIE33pD5tTEj3xNd4r7oQFb-JqI3NCyIYrrruzEHArfv?auto=format&w=384
306, 8, dco, https://i.seadn.io/gae/RaJl2oPlcAKmby7I09AXcwRmGCyxhmzkghE4Y81r5udhhMBCN7JZ7DpqkwkczQcYNKgHiQoLdPUgtUqjKxRAUoI9lkC3w8UM2XWb?auto=format&w=384
307, 2, dco, https://i.seadn.io/gae/Nf4BCwXVEbuvvhPCUKBjZL-L8DlSxAbxTIhio3U0aFbC8ShDod0xlpiHAqQ3zpfgHu4M2e_25aP5rLHNXyMY9v3skmnW5Cek6t6pvew?auto=format&w=1000
307, 5, dco, https://i.seadn.io/gae/D7Lapf8h3Ce6FTXcnlJJmWVfdBAGQ-Bn9lzTRwPWoAlmYRDlu5mFbKrGB8oXrV7U_LaA45dnfTsgfqOI8QmzaUt1EMS0-VezDaiGbQ?auto=format&w=1000
307, 7, dco, https://i.seadn.io/gae/ejhp8rIzQ0LUdkrUMyU9vU0mzvSPCssF5Umdr4VMR2RPwJX3gtyqRQtI_taOixOaj-sBK2KERgRgwanT_tgwDbz1J6QwIEPAfD7eQUQ?auto=format&w=384
307, 8, dco, https://i.seadn.io/gae/i_u-K-UdMN8-hbFPtYwsRtOCKfFwfhwNgbGV3JYSsAp9hEqQaE5FarqC4Vmb3yV6YekM_nV_r2Rzui3Ul5_TFEUUHQmTzlTawS4oHHM?auto=format&w=384
308, 2, dco, https://i.seadn.io/gae/uKZDOVH2Bf9kOo6hMCqzd_6OEWelQMGUOhidt2gpT1LD8vVg4US0kvmffC5aR7DHFPEJmU2lbVHBWLhRfalQmVSZr0RlL6DIFLdJUw?auto=format&w=1000
308, 5, dco, https://i.seadn.io/gae/rqwlKwf5Y52Li2YSssNQ2Vgx3cHSWHmqmOObjPgFNLGLc8pCcAOBvse1wBSRyo99Klg4W5pPWXJuhXEFp_dxmBABzjw2L4LiKmW8vQ?auto=format&w=1000
308, 7, dco, https://i.seadn.io/gae/-u0a85L0Q5TwX5oNAieAEsUUbmIYktA_qoCrWfZafDXecb2OJJDIl-gFP1pxHGDMmDl5oVsTeMB1xV9PHhHdNhSWHmXIdDd8fZYXHQ?auto=format&w=384
308, 8, dco, https://i.seadn.io/gae/3btPe3iAqXoddv4wb4K9q9MEqj55Kl7GRgF34lNMk_FVNGvBIrRkHyKl9SUf_ax5QRzpRZ3PVULssRcfenEZfogmG-I2f6RUH-GV-g?auto=format&w=384
309, 2, dco, https://i.seadn.io/gcs/files/ee3993842f402c413fdbc7efb270122b.png?auto=format&w=1000
309, 5, dco, https://i.seadn.io/gcs/files/929169aaf37112877039f640ca4d899d.png?auto=format&w=1000
309, 7, dco, https://i.seadn.io/gae/WbXfYc3pdKCu7S3go9ZL9prkGCaYt66PIHnGUOVKtf5OkWUpuoo_Va5Hb2MLpUTnlZYGYXP1H9htCQlKbbY09BhsaX9GJjF9sPqX?auto=format&w=384
309, 8, dco, https://i.seadn.io/gae/KZzl0JgPr9GCDUTQYMQGXRKYDQuI8jF9E4tqGvrTTcOIrt3-0evnTe8VSUjoz9D48ofUi9TlTYd0deG7ib8wKlQloZe0_pGe1Ve8?auto=format&w=384
310, 2, dco, https://i.seadn.io/gae/NOo1jvGaogGczeZ8y18514ys8Pw-yK5MlX917C8I8vgoTxX-EuozN5YfhCyYOMG0jBL--FMCWpWRg2vYZqWx00cO4PBo_GBDGyt7?auto=format&w=1000
310, 5, dco, https://i.seadn.io/gae/kH_XiHaANppeW7rO-4yQsFaiOLWbvXxD30LjqKYlGTiW6wHBx0-oe_S4ZIbOnb3Fu1IebuuxGARiDLA0xgnccXF-JDT7A5EmuBgHiw?auto=format&w=1000
310, 7, dco, https://i.seadn.io/gae/rrtPbTynXJIcdtYuuJ6YUieWMwahU-9TFXo3QDDBAUfrs3k-NlW2jY5O7mopC8PtQVHXjZpRTSxzk_EkGGE0EruUWIuHSxQLs02H?auto=format&w=384
310, 8, dco, https://i.seadn.io/gae/ehLbr70X3f76qfQ072tt9gFtL02KWyISOXEninZqvsp4v_w5c9A6aS3vfIX4xRAFJfRI_1q4TN5wXL1vFFWI2vR2Dbt4oANx8J2R?auto=format&w=384
311, 2, dco, https://i.seadn.io/gae/lpoyMSjTxDbGqQCLwr7zjL8N9ZjdGNnmHg5Kgz_ur7qp8c3NTF44RpQw4OH1z5i-rr5pIpcc4gWWkx6eYBGwUVTVvG8UdVwrxDDH?auto=format&w=1000
311, 5, dco, https://i.seadn.io/gae/cUFkhSw_oVV53tqCH0zjv2JXICDnSzzTT9hMvGm83_diX816DOti3v9ZbBhxhRBCiUDkvVdSlwxHd9VFsnBp4CS15lGkcsLyJvQoaA?auto=format&w=1000
311, 7, dco, https://i.seadn.io/gae/QGIkIdyylb6lQl4sJwnx4NcVEl56CBhKKfDxjED0fDaUSgljnm2Azl7szpR8x-IP6sLsJmV1TgbruQZTX9Svh8sNzCIyrGCW9ZY6ew?auto=format&w=384
311, 8, dco, https://i.seadn.io/gae/At-HLqq2XgP0iFVXblyC6zZt-F_YHobHg0BzFfXM6ssM-KFqu0j5V-Yp44qCXXaj6LJWfZA5J69350We3GssJSEsOQeFtRjKDU3yTqk?auto=format&w=384
312, 2, dco, https://i.seadn.io/gae/jKqecI0kevETIIsMosxah3F4sGvQj17vSHnl-G8Gu-TRpklzqGP-nAOC6VjBKBpejMBkpmlfObSV5D8tKnr4fkxXWXp72eqLsYgiXg?auto=format&w=1000
312, 5, dco, https://i.seadn.io/gae/wpkpQo_AY6L6dX2CFOSHUaBtQIYf39pNAJKXSN5T3bgWvcHVBDV1enEoBbhNGrn-xPByeuR6eHYJdpJThULgUasMG-GffJN8pxf7lg?auto=format&w=1000
312, 7, dco, https://i.seadn.io/gae/r1zUak5K1AdDve63Kz0UsZ-LnVRRsu1uqcMKuBQO3n6qQMz84bNXjY1qXLBpmXO0XEELb-b45IoVv6ujviGvf3ufL1JJMlBFPIMWvw?auto=format&w=384
312, 8, dco, https://i.seadn.io/gae/Cz70UDHvx4rckt-hQLjYxzzL2eHMhn9RP_8cvM6QcmnmNHDSxZ8qxdovV6qkqddeqyalNpHwTyehCVXRVPZ5P6Lk3zktpPi5CfJJ?auto=format&w=384
313, 2, dco, https://i.seadn.io/gcs/files/ede0c8072bce8ffb54371c1b9b948897.png?auto=format&w=1000
313, 5, dco, https://i.seadn.io/gae/xOi7KVioD3lOqwTRUPY47Yg_6DICbxZXqRygNTu3FVZim3InWAgVGppBENmOxsmYMW1PKQdnGu0k4BjoPOMC544Z_jCxakXLbYTh4Yw?auto=format&w=1000
313, 7, dco, https://i.seadn.io/gcs/files/de255ea08406cfdac2f743f81000d5f4.png?auto=format&w=384
313, 8, dco, https://i.seadn.io/gae/oE227MS5HgpMqFdxuPRevRcFeKLQApx6u0jX2JvTjunIjlyPnEzFVz-3Z88YSiKkU8LPgAlvRRihhIfP6o1FoCB3jb9ltouxv-5fiA?auto=format&w=384
314, 2, dco, https://i.seadn.io/gae/lAbEFkXTTgUFHNgZJT-54Xiby0lBlL8nP6ixRyqDH6BDt9fnEul2YXH7BqUEXgOBIy-FsF8IoHCrgloHe6G-ZXbYpiuv-ewMlp3XDA?auto=format&w=1000
314, 5, dco, https://i.seadn.io/gae/KMfxiSQSXq37RuuxM0c34oSn_IXjvhoY0bCuyUtmOIOmC3-zsWSna26cL8q_7MiSjkLsA8XrC4CsiLVnb4UF7JVYPRgVxBNylJd_Yws?auto=format&w=1000
314, 7, dco, https://i.seadn.io/gae/O9I0ex_9dUnTEeRcrHQihUByeE_19B_SyN_DWqD6SVMOC9LLZ4BkwCp7j8Zd_QLxO81K8BuyPlvBwe_CvcUE-vcTo5_qeJdyGH06dA?auto=format&w=384
314, 8, dco, https://i.seadn.io/gae/Bj36banJe1-7ctxKbp8_k8QbHKX-sjkR1sHTRXM9dSQlF4NDo6288lTIwSvXbjTGEb-Ur0y54MUWkWl11heYM4avMAVuWTfrsFd0YQ?auto=format&w=384
315, 2, dco, https://i.seadn.io/gae/TrLv0XUq3WwXytbM-0mfCRETgOIZLoXhcznqAkLTz1C0lyhM4hVfu3z-JpIl9E7hYVXSxy2O6-LfBYPaH8jv8yjkMlYx93NMs11aYq4?auto=format&w=1000
315, 5, dco, https://i.seadn.io/gcs/files/d87de2fcd824ace807599cf9124c8f6c.png?auto=format&w=1000
315, 7, dco, https://i.seadn.io/gae/eU58C8mNDxLIJTn6WnJ2uljhmlwVIFuD48lr2cN41QoNWwS78MuB-RYclLLNm4iBoKXSHgqa0o4kPQcI03bUwn06XO1BFuMPAVvI2A?auto=format&w=384
315, 8, dco, https://i.seadn.io/gae/t8NpbApau7pfM0RM-u_EDVwEpgcBt8Ox7DY_tQrn4NCRrRMfAkIaYAIuZaFQ9rg4aIabwnW4vZjnMc0S65VgRyVwwbOVED_f3iDb?auto=format&w=384
316, 2, dco, https://i.seadn.io/gae/RdZkoQ2eVgW79j9rTEsi3aGSkEooI5plDX_0Vx89L02W6Yt-rQ57OtoTbHYTOf3BMrpctjhAoxNS2hQQlrCSg21mLMgat1FeT1iZ?auto=format&w=1000
316, 5, dco, https://i.seadn.io/gae/6KG1aUJB_xmX-wIyxUIK-jalGwkYbyqJeanfPMdD3hoc1y1X1WSJ5muRWCf6Q2QY37C5PFmR8wfzks5J2MgfOUuAIc2JufINDBsi6g?auto=format&w=1000
316, 7, dco, https://i.seadn.io/gae/Lrzvl7qXFj5Jnzx_HlaU5BczOkK7MHViwsuZOlAQEHx7rwY68kguQCONewAX0w4Yc7crCSIZUNm-gYZGRD9456-nQrmSVIfpCEeULg?auto=format&w=384
316, 8, dco, https://i.seadn.io/gae/Gu7ebUQL6nEeNzyk7JGv5Du-rZRBSnM71oud0lltNaXDwY5wz6lxmmGrZDOnu1EEBe7YicEVBOuffw070pqtFhI1CBeZRsmOApDaSw?auto=format&w=384
320, 2, dco, https://i.seadn.io/gcs/files/e632163650ccea7a8549b28e3448f538.png?auto=format&w=384
320, 5, dco, https://i.seadn.io/gcs/files/451eff1f5c2c1b7cdb9d2a963fa1e6c9.png?auto=format&w=1000
320, 7, dco, https://i.seadn.io/gcs/files/32bc72cbcae860a5734980bd5f4e2da1.png?auto=format&w=384
320, 8, dco, https://i.seadn.io/gcs/files/33062e1eeb7404b0aa89158b7e11dd7b.png?auto=format&w=384
321, 2, dco, https://i.seadn.io/gcs/files/7564bb3163d92f70893bddbcaaebd633.png?auto=format&w=384
321, 5, dco, https://i.seadn.io/gcs/files/3c5aab4cca2be4333637a8070a825d7b.png?auto=format&w=1000
321, 7, dco, https://i.seadn.io/gcs/files/ad7210ddbb1ce10ce616b06a4cedf339.png?auto=format&w=384
321, 8, dco, https://i.seadn.io/gcs/files/ec0c256017bd0fa9acb13de93abb416c.png?auto=format&w=384
322, 2, dco, https://i.seadn.io/gcs/files/8fb46cb1fb53dfb95e06509a4ede4cf3.png?auto=format&w=384
322, 5, dco, https://i.seadn.io/gcs/files/3f599ac2e39c05a3b875c3f4f9601f25.png?auto=format&w=1000
322, 7, dco, https://i.seadn.io/gcs/files/41ed93b21a555824680ba2e1ff420c7c.png?auto=format&w=384
322, 8, dco, https://i.seadn.io/gcs/files/7582344c343fd08185a07261f9b55677.png?auto=format&w=384
323, 2, dco, https://i.seadn.io/gcs/files/459ac9f80606812b0ce45099f757f7ac.png?auto=format&w=384
323, 5, dco, https://i.seadn.io/gcs/files/f384aa99d8d30cb9467c77a0646b8903.png?auto=format&w=1000
323, 7, dco, https://i.seadn.io/gcs/files/92a424e0f70816ac15c7644400c9a830.png?auto=format&w=384
323, 8, dco, https://i.seadn.io/gcs/files/b15c3dea326321f016f8a82c548cc559.png?auto=format&w=384
324, 2, dco, https://i.seadn.io/gcs/files/29ad045601b169cf8c05eedabb4b0904.png?auto=format&w=384
324, 5, dco, https://i.seadn.io/gcs/files/474dcd76ab1cc856fe8316b2abb3cb7e.png?auto=format&w=1000
324, 7, dco, https://i.seadn.io/gcs/files/0ced1798c4a2e188f9c3ce5dc1a8b7fb.png?auto=format&w=384
324, 8, dco, https://i.seadn.io/gcs/files/78cf06c96e882eaf4ba56035b3f5b4fd.png?auto=format&w=384
325, 2, dco, https://i.seadn.io/gcs/files/05efff2ec3f1644ce3257912378bf03b.png?auto=format&w=384
325, 5, dco, https://i.seadn.io/gcs/files/91d260fa55eaec92645e24ea2662c416.png?auto=format&w=1000
325, 7, dco, https://i.seadn.io/gcs/files/fc1b81ff9fb40a4657c38cd11ff1b5e5.png?auto=format&w=384
325, 8, dco, https://i.seadn.io/gcs/files/c9e886ceb75b5f7120b696704d8fa524.png?auto=format&w=384
326, 2, dco, https://i.seadn.io/gcs/files/6132d2f31e37c38e2111b68a014b43c0.png?auto=format&w=384
326, 5, dco, https://i.seadn.io/gcs/files/7059100b06542091928b58b1026bbe7d.png?auto=format&w=384
326, 7, dco, https://i.seadn.io/gcs/files/f2fe540f9dd3e03e508920e95168583c.png?auto=format&w=384
326, 8, dco, https://i.seadn.io/gcs/files/411ddb9bb14898c95149fe72ab20887c.png?auto=format&w=384
327, 2, dco, https://i.seadn.io/gcs/files/423b0aa84632d124ce5f5b52751ab502.png?auto=format&w=384
327, 5, dco, https://i.seadn.io/gcs/files/e0b2178575654983dd91273874195580.png?auto=format&w=384
327, 7, dco, https://i.seadn.io/gcs/files/08ea52b93a279d638d1aeef896f9244e.png?auto=format&w=384
327, 8, dco, https://i.seadn.io/gcs/files/f3e5b69cca8ab8a1fa7e1a56ac2e9884.png?auto=format&w=384
328, 2, dco, https://i.seadn.io/gcs/files/c4fafe395bc6fbaa974d9671ffdb1fd2.png?auto=format&w=384
328, 5, dco, https://i.seadn.io/gcs/files/252f72a3582955450a7345f8dd965020.png?auto=format&w=384
328, 7, dco, https://i.seadn.io/gcs/files/3fd324139ca2fca8b870ae2c8120d2e1.png?auto=format&w=384
328, 8, dco, https://i.seadn.io/gcs/files/e2850fb81a0e7a505faaa2956a3a58c4.png?auto=format&w=384
330, 2, dco, https://i.seadn.io/gcs/files/ffd666785c467a74283bd44dfe37dbed.png?auto=format&w=384
330, 5, dco, https://i.seadn.io/gcs/files/cef48bee3bd602b496875c24e3c28299.png?auto=format&w=384
330, 7, dco, https://i.seadn.io/gcs/files/36e83f498c012488addb8f9b080f0ccf.png?auto=format&w=384
330, 8, dco, https://i.seadn.io/gcs/files/c0df64be27140886b30b14c20c953583.png?auto=format&w=384
317, 1, wcdco, https://i.seadn.io/gae/2JiI-VrZ1BERTLM7TuQkwcQtekgMy8YHbua1YKNEi4JJYxTpY42zSPSXdjFu1uRVwUmSRu_BnNIn1T_09roXAOL8ckL0_Oj-PHRf5w?auto=format&w=1000
317, 2, wcdco, https://i.seadn.io/gae/MlOVIhFQgZzUtSbYOXB4D3tA0wlhKS6BfxseVPRTn56zjwNCiNJx3N_9Xu8lNULqwoygnTgE5OeOqh8TcGRPUmTKxz3oSF-hBK4gqtc?auto=format&w=1000
317, 3, wcdco, https://i.seadn.io/gae/qbE8JIxXu-baMYiJ1Pv_AmtmoUGPQyn6MeLU5S581-MqbDxUkx7E_vgWBC8c8Qyj1H_FmwiS-SAm2eOC4oeezOzrhpqJbDyszIFwRQ?auto=format&w=1000
317, 4, wcdco, https://i.seadn.io/gae/EGq1fDwMZ0Y4ql5EMJSimjTMTsM6QqvXASEE1pP06tOCHJt5kGFw5cw24zl4vwf3HPuSDd5wxqR2eS5UEprN9A-NSTvkKtiWadX6?auto=format&w=1000
317, 5, wcdco, https://i.seadn.io/gae/AWINIGp6zX_p1x4xOu1_gFeU_N1GhwdJBCeKSPIFLN2gZwWcm1R-Nlu1gNm7JBgRNf2eNJ0tf9PGJbW7j5J6QI7vPiZFyYR5io_z?auto=format&w=1000
317, 6, wcdco, https://i.seadn.io/gae/N40cmS2LmzQr3Xy7QfORjtNII2DnQNvriCyXDhGIzkgImDMoCCO8KAlifJ255A5U-znye2KQJJ7EoQ5uoF_uiLLA2NQ1TDGo5-Vt?auto=format&w=384
317, 7, wcdco, https://i.seadn.io/gae/dIvvruaieMY6gKGcUJ44ZYz8XATxBWFDxqYsduigWDEX_plzg3WGNts9o6f99WgVwhSJYAteP_ATbTaKathehRxIDDSW7_DKY-j90zw?auto=format&w=384
317, 8, wcdco, https://i.seadn.io/gae/wfoArlaA3eqNbu5MGb3qAfv266tIrfwwczABS-UbvNmWqDlIKDe7Ds2Hr0OZhnK6AYx0bUL8uHkTHjVyPWr4R8w2UzSZiNyhk_ul?auto=format&w=384
317, 9, wcdco, https://i.seadn.io/gae/wuI9JD79FrQa4hjnEyAt_SwGpYpOKVAxXHznq3Xr13o7trbonEvV4l9RSheNQqvF-nr9fjbgT1OBkd8sdb_KS6G4XlH_dSJYT79e7w?auto=format&w=384
318, 1, wcdco, https://i.seadn.io/gae/rMiMInjjWmqoYlwiMKucjjYqWeScw4FglOMIDio_e5Ri6dEc4U33ryZR_Y9YJBBlPAMJTqucsvjJIIeG4JasxSV6zHdpDuIyb6YbVg?auto=format&w=1000
318, 2, wcdco, https://i.seadn.io/gae/X-7jZ4c5NjB__ywbr-o_5uVPOEdymjn9Bfv7e_T3JRZsO66Ou3OTm3L0KEUF27F3nh2ICRO6c_O8yb22vPjI6sBH6PVOn1PuPL4d?auto=format&w=1000
318, 3, wcdco, https://i.seadn.io/gae/c3ldtgd233_ZZ62Syw7f4KNqE8t3e0fExY-d3USABqc5eFva5sAg5Dg7A2WIxzGQDKss4r8EHhW88TyUAX3EZvEc5BppiKpIq042lg?auto=format&w=1000
318, 4, wcdco, https://i.seadn.io/gae/9NDV8frErD8uPjpxL3awklzffjca728VaEuv7eVPXUA8v91AJU5XfvVN-jSGXmEN9zwrZhScU1-sczyI7GsUXfylZTgH8tNi7RwyZiA?auto=format&w=1000
318, 5, wcdco, https://i.seadn.io/gae/To3Vv_Oi0MUmmGy0I-4yKdk7oAWLaqTSQSYwn8SoQhwB8HgsBJQmXSIJjnXE5zpjH5GHi8YQ2cJifCKn59a_8ZCRFruFv5ujvkgt?auto=format&w=1000
318, 6, wcdco, https://i.seadn.io/gae/Hl6aNFfW_ooKr56UBLmCt4I_U3iewALdQvNj_aVSGnMVQVukYU9pVCKjssq-vPuw5vV9LzwQQxaoFAy78a4X3euZ2s6CPhw7Ym97Bg?auto=format&w=384
318, 7, wcdco, https://i.seadn.io/gae/Yt6SjONHqkinYD9lr4m00s1-5PQQs0VVHGz6K0McuFGt7lO4Yb-gN2OlbvdgBiW1w_bLlzQ1jJPbxlr7xP3iKngsJa17-qW6X6-FiQ?auto=format&w=384
318, 8, wcdco, https://i.seadn.io/gae/CFQRJvMHmMnG9dx_nAVbSllr5nvJsITPAiMXjWwZLZo17H946qc12thp1ytNDmfRPd7fJJaJP4zCvRWGDUkDEqnqHhLE-B65QE71gw?auto=format&w=384
318, 9, wcdco, https://i.seadn.io/gae/LG5X03az_Q1gZgfxZeBN15RyP9gM75VAQ-waEm8yuvKQ8F6DH9r33vHADMwqvV1_Ei501g89fQbcGi4Pt__OShqfqa__zQ4qTGJ0?auto=format&w=384
319, 1, wcdco, https://i.seadn.io/gae/EwMQxfXJ89717Ejinni_8OHy_sd1CLcYex7TM-FpQ6-o-w730YOC37IuzdVOGuQYRch-VmTu4cfL0yf9kfJI-6gMbYJvf-RygxV_jw?auto=format&w=1000
319, 2, wcdco, https://i.seadn.io/gae/C8Ln9uDoaOFlbIwHhSEZ0Ghwji3C3iE9Z2ACOODoM2Pc0yBJLXXws9PVv6Av82dXC7J6ixUyWEaDv0_Ecy6C48r8-ItXDQzZfcn5Z50?auto=format&w=1000
319, 3, wcdco, https://i.seadn.io/gae/CCp8aKmPLNP7QWuYVQKuKgHDNP603nVFynlqfKdWWCeywtAikKaGm1aKzlJnT8O_M8rMWWXkiqP3zhLy8kl9ZDvtTWskVBUeTNJJQA?auto=format&w=1000
319, 4, wcdco, https://i.seadn.io/gae/clovb6hyVHsj4IQTcOSMH9TRVqABPLFDphj1B3_LCWA1JsbDsN-uqNfx1bZ-91FuIwT2qmHFF32d69A78h9wD9hyuhUTnrIuB46Nisg?auto=format&w=1000
319, 5, wcdco, https://i.seadn.io/gae/qIJqZ0DorE0AuMs9Ie9yXmq1D6_hFvXvRhFC9QmxCMTVrppoM76p5CqyA5OS6UYKfmLig3Ry7rZaNcx0lBdowWlX9Ym5bsjjmFqtow?auto=format&w=1000
319, 6, wcdco, https://i.seadn.io/gae/aGqT7LYkn1Hzsct3Y7c7VsghBLvaVtK5S3jKgfbP-m2Y9Mhe-Tcu7aXftNUPWttp6lCNc6mKM9sMuBB_liL8NZqZ1Y9pVTeQZpYI2g?auto=format&w=384
319, 7, wcdco, https://i.seadn.io/gae/1UzUCOf-eAWQDtdPxxGL9UzF8nHa7Z0pBrHb64TzGcL7iNhMFMkKOxiBjMcmAA-KT9qA5lcM94qKQp4Tt-YAc_b365oQvShJ6oKK?auto=format&w=384
319, 8, wcdco, https://i.seadn.io/gae/vcK7zdHkwaexJ0aiqNvQT-IvgWmCsw7XKnhPt8UDWLYerm5QviYk3Xztyqg46xelPd6yLQvMyzgadsVVs7Ly-NC8e-9jSPWlzMytlA?auto=format&w=384
319, 9, wcdco, https://i.seadn.io/gcs/files/25b59b1db626324d2910c84af2809c85.png?auto=format&w=384
329, 1, wcdco, https://i.seadn.io/gae/Kd18TMqrZx0m-gILAXdF9smtddns8qNAeFs4rt_viebiTXg3mM2TJGFSqS3y5NRqU01j1sU4hg-1BmngSdVnJda4g_rHa-jZby9Ki0U?auto=format&w=1000
329, 2, wcdco, https://i.seadn.io/gae/roYJYhK0oi5kwqigxSwrxbohj2J2oldUX6x0H5Upkht7yg40PheAOP6CfNjulPj_E5vmrGna1iv0i7x1gNZgAfi6kwP4zs2JEfcF_w?auto=format&w=1000
329, 3, wcdco, https://i.seadn.io/gae/Mrg6IEGBaEi3GKKbeuLxYUuA07Aa9a-AWDoDLoqzH2gMTMSmDQTckGc9gSmxMG69jMO4EwMLh1vGMAhMUH7qfdiLyY8pzxpJjYl5ag?auto=format&w=1000
329, 4, wcdco, https://i.seadn.io/gae/73U7nNkGjy-pWbobMInOfDYyBltJ8sCvpFFgt_VzvKU3QGU-VXmCDP9vNpmtQNdykLTh6VpfBXrmeqJXBykgeXgLHUEBcA3QYYuGow?auto=format&w=1000
329, 5, wcdco, https://i.seadn.io/gae/CBaE3PBG-uG6Drx-NioA6RRFmfkY1p1x_c8znWqa5e6sMnX3tSsWduiXRFVtX0qlx1X0iOlDMP41ujuph-Os7_ynIwOhpsz4Ntc1zw?auto=format&w=1920
329, 6, wcdco, https://i.seadn.io/gae/AexPv08oZacu5XH8dwwRV7F_jkllKMYjO79f9-cdkV43ZOEn-e7TAU7sTpboAzY2Nf7owJ8fMK8toGJ9n7DNjbKENvGpftn-0w0G7yI?auto=format&w=384
329, 7, wcdco, https://i.seadn.io/gae/DgBIDQBusytnlikZjM2tevcVwt8RQijMIA6eIksNssTBQU0CeZlZ7ylSEdsQZwbdrcTK71yMPRdPHdcbnPVl4gAJXcUZ2wz7EAvN?auto=format&w=384
329, 8, wcdco, https://i.seadn.io/gcs/files/fd7a3e37beb74165b939254d89aa7ee3.png?auto=format&w=384
329, 9, wcdco, https://i.seadn.io/gae/mdBKXtpkUhrqSL60h5GB-9AsvXvmfls4gQ8g7I2uCoVQs5hu_mTX7TyISAD6krXoWjXzUI7Eg7g6bMVRCU5Gvv34jRczX-cgHE5FXg?auto=format&w=384
331, 1, xmdco, https://i.seadn.io/gcs/files/b970129d7d638961ba4f8f0214d23d8a.png?auto=format&w=1000
331, 2, xmdco, https://i.seadn.io/gcs/files/e75adba0bcfa3acb10ad48a7abd9ace5.png?auto=format&w=1000
331, 3, xmdco, https://i.seadn.io/gcs/files/637325e6fdd72d80adc220695217dc05.png?auto=format&w=1000
331, 4, xmdco, https://i.seadn.io/gcs/files/a387e66d4eb6886caa74b12f477f89b5.png?auto=format&w=1000
331, 5, xmdco, https://i.seadn.io/gcs/files/002bb2e119f742a87ef362f29c9193a4.png?auto=format&w=1000
331, 6, xmdco, https://i.seadn.io/gcs/files/7dfc6e99ceb4eeca0caae2dbce93167a.png?auto=format&w=384
331, 7, xmdco, https://i.seadn.io/gcs/files/4116b10e35d33f6fb6740dbdc97be04b.png?auto=format&w=384
331, 8, xmdco, https://i.seadn.io/gcs/files/a698aafe03168fcfa975f33fca1467a3.png?auto=format&w=384
331, 9, xmdco, https://i.seadn.io/gcs/files/7dd2ff23e7ce4507fc3de07942e01a0f.png?auto=format&w=384
331, 10, xmdco, https://i.seadn.io/gcs/files/b3917352bb96614bb5fe20343140fc19.png?auto=format&w=384
332, 1, xmdco, https://i.seadn.io/gcs/files/36bc01e64fdb128154179ae7f46cf19e.png?auto=format&w=1000
332, 2, xmdco, https://i.seadn.io/gcs/files/a6740e60fb82de44c914360408fae90e.png?auto=format&w=1000
332, 3, xmdco, https://i.seadn.io/gcs/files/94d3b045d5f522eeb555028fd6924777.png?auto=format&w=1000
332, 4, xmdco, https://i.seadn.io/gcs/files/d4d3bb0427aa4d95132a1888e1fefb25.png?auto=format&w=1000
332, 5, xmdco, https://i.seadn.io/gcs/files/e1eb371466be64dfc89762fe03f93876.png?auto=format&w=1000
332, 6, xmdco, https://i.seadn.io/gcs/files/10cf7ab8c48cca640c54850936e49dc6.png?auto=format&w=384
332, 7, xmdco, https://i.seadn.io/gcs/files/d0ccb6819ef1e176d5137e9ce7281f64.png?auto=format&w=384
332, 8, xmdco, https://i.seadn.io/gcs/files/a31b4e74c23bcd2a6a5b33d9d83ca8af.png?auto=format&w=384
332, 9, xmdco, https://i.seadn.io/gcs/files/fdf9c53cfa5323e97de343d57c083dd7.png?auto=format&w=384
332, 10, xmdco, https://i.seadn.io/gcs/files/fe4868c8428ed7c34ff6e9a445ebb37c.png?auto=format&w=384
333, 1, xmdco, https://i.seadn.io/gcs/files/0c49fd5800f329d77dfb61ab49e41be2.png?auto=format&w=1000
333, 2, xmdco, https://i.seadn.io/gcs/files/422f5b946b0fbeb61103108249b31563.png?auto=format&w=1000
333, 3, xmdco, https://i.seadn.io/gcs/files/43f5d9af5f0b4926ebb55c4b5783fc1c.png?auto=format&w=1000
333, 4, xmdco, https://i.seadn.io/gcs/files/2a58588a011ed82d56715ec9691f1683.png?auto=format&w=1000
333, 5, xmdco, https://i.seadn.io/gcs/files/1b7f852471db0194b3a76b11024a3b33.png?auto=format&w=1000
333, 6, xmdco, https://i.seadn.io/gcs/files/6a390098e5f6b196d1243a27786e284e.png?auto=format&w=384
333, 7, xmdco, https://i.seadn.io/gcs/files/4459ab2d43157ba21ce1325bf96c1195.png?auto=format&w=384
333, 8, xmdco, https://i.seadn.io/gcs/files/2bf50ffcc85787a3a6885897a3392192.png?auto=format&w=384
333, 9, xmdco, https://i.seadn.io/gcs/files/e3bf717cb367ab3ce337b6482e0799a9.png?auto=format&w=384
333, 10, xmdco, https://i.seadn.io/gcs/files/78ba53c7cd4fd9688b2e49ad9f774b30.png?auto=format&w=384
334, 1, dco, https://i.seadn.io/gcs/files/23765532737971d1b4b76cefe4966c83.png?auto=format&w=384
334, 2, dco, https://i.seadn.io/gcs/files/cd28c174bbd396796c89f7ac8443ae4c.png?auto=format&w=384
334, 3, dco, https://i.seadn.io/gcs/files/168ff36f5839629d2a762c013f7daf88.png?auto=format&w=384
334, 4, dco, https://i.seadn.io/gcs/files/d615292e524c4c158f9703b7d67b4ea1.png?auto=format&w=384
334, 5, dco, https://i.seadn.io/gcs/files/5d566546d52afe3b7361b49b04058feb.png?auto=format&w=384
334, 6, dco, https://i.seadn.io/gcs/files/87c3b4a00c083cb02569bb9b5ded551b.png?auto=format&w=384
334, 7, dco, https://i.seadn.io/gcs/files/2383b64f6d683a4534540cee95a2b833.png?auto=format&w=384
334, 8, dco, https://i.seadn.io/gcs/files/6ec7cc70b6199dc3d0f735c5309488b9.png?auto=format&w=384
335, 1, lndco, https://i.seadn.io/gcs/files/98b8afec91a8f4c53c9a12c532343458.png?auto=format&w=384
335, 2, lndco, https://i.seadn.io/gcs/files/1aed6a72ea45753f2990b288f70876e4.png?auto=format&w=384
335, 3, lndco, https://i.seadn.io/gcs/files/cc4f85a82b9d33f8483312fe309f8623.png?auto=format&w=384
335, 4, lndco, https://i.seadn.io/gcs/files/20c401e5cf8f8b8d4dbdf5ef1325803b.png?auto=format&w=384
335, 5, lndco, https://i.seadn.io/gcs/files/d57743c0c7f76a7bd67e8c1318ddccdd.png?auto=format&w=384
335, 6, lndco, https://i.seadn.io/gcs/files/ce94935b835fee503495ff03fcf44210.png?auto=format&w=384
335, 7, lndco, https://i.seadn.io/gcs/files/3777d7f554c401dc4f49751507b9ebb6.png?auto=format&w=384
335, 8, lndco, https://i.seadn.io/gcs/files/d275ce2dad84645c28d18aaf8b5842cc.png?auto=format&w=384
335, 9, lndco, https://i.seadn.io/gcs/files/6ed6a2c141f91192cb1f9355d33f8fb8.png?auto=format&w=384
335, 10, lndco, https://i.seadn.io/gcs/files/937d8a6a651a3248fb5d1134e39ac190.png?auto=format&w=384
336, 1, lndco, https://i.seadn.io/gcs/files/2e825e77f879df1e2d52ae91465bd87e.png?auto=format&w=384
336, 2, lndco, https://i.seadn.io/gcs/files/92e40cadf6f93f43c53da930935f1c28.png?auto=format&w=384
336, 3, lndco, https://i.seadn.io/gcs/files/c3c250826ce9b5c61a57f381b4e6cd45.png?auto=format&w=384
336, 4, lndco, https://i.seadn.io/gcs/files/31f08997b959714edf41b5e855b33876.png?auto=format&w=384
336, 5, lndco, https://i.seadn.io/gcs/files/91d02eea3ed0a265faa66cf6dd78af4a.png?auto=format&w=384
336, 6, lndco, https://i.seadn.io/gcs/files/e3b72392321aaf7f288027e30120ad19.png?auto=format&w=384
336, 7, lndco, https://i.seadn.io/gcs/files/a7d8de298cf6bf7da54a0759e68799be.png?auto=format&w=384
336, 8, lndco, https://i.seadn.io/gcs/files/d9256f65ff66a970421072a1739e5cdc.png?auto=format&w=384
336, 9, lndco, https://i.seadn.io/gcs/files/d086c98db22c79e482fbcb948c62c8d8.png?auto=format&w=384
336, 10, lndco, https://i.seadn.io/gcs/files/5e4008b238e8c10cc75a8a98de410852.png?auto=format&w=384
337, 1, lndco, https://i.seadn.io/gcs/files/1c0b3d8befe3ab84c1a94ccbeeaaab72.png?auto=format&w=384
337, 2, lndco, https://i.seadn.io/gcs/files/e4d10b82ba527574ed58eeaa4201cc60.png?auto=format&w=384
337, 3, lndco, https://i.seadn.io/gcs/files/89c8b7ce0f7a34dc3325ff10a61b4129.png?auto=format&w=384
337, 4, lndco, https://i.seadn.io/gcs/files/39e31bdaeb0efddb346d9d7acea3c4f2.png?auto=format&w=384
337, 5, lndco, https://i.seadn.io/gcs/files/4a23f59a0b827abb56a328ded5c544f9.png?auto=format&w=384
337, 6, lndco, https://i.seadn.io/gcs/files/be2e142650f11888f34de8c847be0bad.png?auto=format&w=384
337, 7, lndco, https://i.seadn.io/gcs/files/18f8d87e656d0868dadb4c46c36a75ba.png?auto=format&w=384
337, 8, lndco, https://i.seadn.io/gcs/files/3fc3e400e75356c58c50952c68f0c94f.png?auto=format&w=384
337, 9, lndco, https://i.seadn.io/gcs/files/dd0f8ea77d7911d3e5fd4dd6a06ec2a3.png?auto=format&w=384
337, 10, lndco, https://i.seadn.io/gcs/files/21d867a61c69c0320bab182f389335e9.png?auto=format&w=384
338, 1, lndco, https://i.seadn.io/gcs/files/d2ac253cdda54ae35c9940cd4abef560.png?auto=format&w=384
338, 2, lndco, https://i.seadn.io/gcs/files/57a7dca3d0e812417e6403a7e9cf9b93.png?auto=format&w=384
338, 3, lndco, https://i.seadn.io/gcs/files/7628d9603836cd6ababb302433dfae21.png?auto=format&w=384
338, 4, lndco, https://i.seadn.io/gcs/files/1dff550f9e04dfa9eff08c49575b3c7b.png?auto=format&w=384
338, 5, lndco, https://i.seadn.io/gcs/files/4969b9088bd9604c4554fcb4c37f036b.png?auto=format&w=384
338, 6, lndco, https://i.seadn.io/gcs/files/d0fcf69d0262af71870e15b1b9f72f2f.png?auto=format&w=384
338, 7, lndco, https://i.seadn.io/gcs/files/15820a8d7680a12596b461ac60889daf.png?auto=format&w=384
338, 8, lndco, https://i.seadn.io/gcs/files/576518da42bf1337243e6ce8d6260651.png?auto=format&w=384
338, 9, lndco, https://i.seadn.io/gcs/files/405a5fbd264d918fd4352ac3855fc794.png?auto=format&w=384
338, 10, lndco, https://i.seadn.io/gcs/files/9e2f11920568d73c3b25f3e9ef5005a8.png?auto=format&w=384